segment_id,county
BL11M_0.000_5.747,Sierra
BL11P_0.000_5.745,Sierra
BL12M_0.000_2.857,Socorro
BL12P_0.000_2.857,Socorro
BL13M_0.000_6.616,Valencia
BL13P_0.000_6.622,Valencia
BL15M_0.000_4.220,San Miguel
BL15P_0.000_4.220,San Miguel
BL16M_0.000_3.441,Colfax
BL16P_0.000_3.440,Colfax
BL17M_0.000_4.137,Colfax
BL17P_0.000_4.119,Colfax
BL21M_0.000_4.353,Hidalgo
BL21P_0.000_4.354,Hidalgo
BL22M_0.000_4.408,Luna
BL22P_0.000_4.436,Luna
BL34M_0.000_2.910,Torrance
BL34P_0.000_2.911,Torrance
BL35M_0.000_4.345,Guadalupe
BL35P_0.000_4.345,Guadalupe
BL36M_0.000_6.805,Quay
BL36P_0.000_6.805,Quay
FL1000M_0.000_5.665,Bernalillo
FL1000P_0.000_5.663,Bernalillo
FL1001P_0.000_0.689,Bernalillo
FL1002P_0.000_2.305,Sandoval
FL1004P_0.000_0.840,Bernalillo
FL1005P_0.000_0.172,Bernalillo
FL1006P_0.000_0.348,Sandoval
FL1007M_0.000_0.864,Bernalillo
FL1007P_0.000_0.864,Bernalillo
FL1008P_0.000_0.404,Bernalillo
FL1009P_0.000_0.534,Bernalillo
FL1010P_0.000_0.840,Sandoval
FL1011P_0.000_0.595,Bernalillo
FL1012P_0.000_0.223,Bernalillo
FL1013P_0.000_1.422,Sandoval
FL1014P_0.000_0.465,Bernalillo
FL1015P_0.000_0.174,Bernalillo
FL1016P_0.000_0.229,Bernalillo
FL1018P_0.000_0.816,Sandoval
FL1019P_0.000_0.592,Bernalillo
FL1020P_0.000_0.185,Sandoval
FL1021P_0.000_0.710,Sandoval
FL1022M_0.000_0.448,Bernalillo
FL1022P_0.000_0.448,Bernalillo
FL1023P_0.000_0.849,Bernalillo
FL1024M_0.000_1.114,Sandoval
FL1024P_0.000_1.329,Sandoval
FL1025P_0.000_0.205,Bernalillo
FL1026P_0.000_1.478,Sandoval
FL1027M_0.000_1.557,Bernalillo
FL1027P_0.000_1.557,Bernalillo
FL1028P_0.000_0.504,Sandoval
FL1029P_0.000_0.569,Bernalillo
FL1030P_0.000_0.329,Sandoval
FL1031P_0.000_0.908,Bernalillo
FL1032P_0.000_0.432,Sandoval
FL1033P_0.000_0.361,Sandoval
FL1034P_0.000_0.678,Sandoval
FL1036P_0.000_0.512,Bernalillo
FL1037M_0.000_0.169,Bernalillo
FL1037P_0.000_0.940,Bernalillo
FL1038P_0.000_1.155,Bernalillo
FL1039P_0.000_0.947,Bernalillo
FL1040P_0.000_0.469,Bernalillo
FL1041P_0.000_0.879,Bernalillo
FL1042P_0.000_0.332,Bernalillo
FL1043P_0.000_0.364,Bernalillo
FL1044M_0.000_0.456,Bernalillo
FL1044P_0.000_0.456,Bernalillo
FL1045P_0.000_0.323,Bernalillo
FL1046M_0.000_1.780,Bernalillo
FL1046P_0.000_1.787,Bernalillo
FL1047P_0.000_0.374,Bernalillo
FL1048P_0.000_0.441,Sandoval
FL1050P_0.000_0.341,Bernalillo
FL1051P_0.000_0.792,Bernalillo
FL1052P_0.000_1.033,Bernalillo
FL1053M_0.000_0.497,Bernalillo
FL1053P_0.000_1.009,Bernalillo
FL1054P_0.000_0.504,Bernalillo
FL1055P_0.000_0.265,Bernalillo
FL1056P_0.000_0.310,Bernalillo
FL1057P_0.000_0.233,Bernalillo
FL1058P_0.000_0.709,Bernalillo
FL1059P_0.000_0.910,Bernalillo
FL1060P_0.000_0.450,Bernalillo
FL1061P_0.000_1.726,Bernalillo
FL1062P_0.000_0.844,Bernalillo
FL1063P_0.000_1.611,Bernalillo
FL1064P_0.000_0.554,Bernalillo
FL1065P_0.000_0.856,Bernalillo
FL1066P_0.000_0.493,Bernalillo
FL1067P_0.000_0.530,Bernalillo
FL1068P_0.000_1.078,Bernalillo
FL1069P_0.000_0.558,Bernalillo
FL1070P_0.000_0.502,Bernalillo
FL1071P_0.000_0.498,Bernalillo
FL1072P_0.000_0.391,Bernalillo
FL1073P_0.000_0.910,Bernalillo
FL1074P_0.000_0.410,Bernalillo
FL1075P_0.000_0.442,Bernalillo
FL1076P_0.000_0.150,Bernalillo
FL1077P_0.000_0.270,Bernalillo
FL1078M_0.000_0.695,Bernalillo
FL1078P_0.000_0.695,Bernalillo
FL1079P_0.000_0.834,Bernalillo
FL1080P_0.000_0.240,Bernalillo
FL1081P_0.000_0.345,Bernalillo
FL1082P_0.000_5.073,Lea
FL1083P_0.000_1.556,Sierra
FL1084P_0.000_10.236,Eddy
FL1084P_10.236_12.521,Lea
FL1085P_0.000_0.500,Eddy
FL1086P_0.000_0.241,Eddy
FL1087P_0.000_2.212,Taos
FL1088P_0.000_2.447,Eddy
FL1089P_0.000_1.555,Sierra
FL1090P_0.000_4.017,Eddy
FL1091P_0.000_0.234,Doña Ana
FL1092P_0.000_0.492,Doña Ana
FL1093P_0.000_0.508,Doña Ana
FL1094P_0.000_0.398,Doña Ana
FL1095P_0.000_1.322,Doña Ana
FL1096P_0.000_2.044,Doña Ana
FL1097P_0.000_5.153,Doña Ana
FL1098P_0.000_1.030,Doña Ana
FL1099P_0.000_1.880,Doña Ana
FL1100P_0.000_1.004,Lea
FL1101P_0.000_0.347,Taos
FL1102P_0.000_0.520,Taos
FL1103P_0.000_0.795,Taos
FL1104P_0.000_1.039,Lea
FL1105P_0.000_2.001,Lea
FL1106P_0.000_15.899,Lea
FL1107P_0.000_3.355,Lea
FL1108P_0.000_0.598,Lea
FL1109P_0.000_3.665,Lea
FL1110P_0.000_0.765,Lea
FL1111P_0.000_9.975,Lea
FL1112P_0.000_0.995,Lea
FL1113P_0.000_1.933,Lea
FL1114P_0.000_2.593,Lea
FL1115P_0.000_1.870,Lea
FL1116P_0.000_1.101,Lea
FL1117P_0.000_1.212,Lea
FL1118P_0.000_5.733,Lea
FL1119P_0.000_1.405,Lea
FL1120P_0.000_1.856,Lea
FL1121P_0.000_0.459,Taos
FL1122P_0.000_0.499,Taos
FL1123P_0.000_1.310,Taos
FL1124P_0.000_0.075,Taos
FL1125P_0.000_0.707,Taos
FL1126P_0.000_1.050,Taos
FL1127P_0.000_2.012,Taos
FL1128P_0.000_5.180,Guadalupe
FL1129P_0.000_1.151,Guadalupe
FL1130P_0.000_8.869,Guadalupe
FL1131P_0.000_12.483,Guadalupe
FL1132P_0.000_0.446,Guadalupe
FL1133P_0.000_3.296,Chaves
FL1134P_0.000_12.008,Chaves
FL1135P_0.000_4.000,Chaves
FL1136P_0.000_2.083,Chaves
FL1137P_0.000_1.896,Chaves
FL1138P_0.000_0.835,Chaves
FL1139P_0.000_0.260,Chaves
FL1140P_0.000_0.207,Chaves
FL1141P_0.000_2.144,Cibola
FL1142P_0.000_2.565,Cibola
FL1143P_0.000_0.618,Cibola
FL1144P_0.000_11.283,Cibola
FL1145P_0.000_1.133,Cibola
FL1146P_0.000_16.952,Cibola
FL1146P_16.952_17.146,McKinley
FL1146P_17.146_17.414,Sandoval
FL1147P_0.000_24.546,Cibola
FL1148P_0.000_1.423,Cibola
FL1149P_0.000_11.823,Cibola
FL1150P_0.000_0.298,Cibola
FL1151P_0.000_5.271,Cibola
FL1152P_0.000_12.386,Cibola
FL1153P_0.000_2.257,Otero
FL1154P_0.000_2.884,Otero
FL1155P_0.000_8.163,Otero
FL1156P_0.000_0.137,Otero
FL1157P_0.000_3.694,Otero
FL1158P_0.000_2.989,Otero
FL1159P_0.000_1.013,Otero
FL1160P_0.000_1.055,Otero
FL1161P_0.000_1.712,Otero
FL1162P_0.000_0.384,Otero
FL1163P_0.000_0.712,Otero
FL1164P_0.000_1.370,Otero
FL1201P_0.000_0.928,Doña Ana
FL1202P_0.000_0.450,Doña Ana
FL1203P_0.000_0.885,Doña Ana
FL1204P_0.000_2.152,Doña Ana
FL1205P_0.000_1.490,Doña Ana
FL1206P_0.000_2.198,Doña Ana
FL1207M_0.000_3.686,Doña Ana
FL1207P_0.000_3.686,Doña Ana
FL1208M_2.424_2.844,Doña Ana
FL1208P_0.000_2.855,Doña Ana
FL1209M_0.720_1.510,Doña Ana
FL1209P_0.000_1.510,Doña Ana
FL1210P_0.000_1.178,Doña Ana
FL1211M_0.000_0.240,Doña Ana
FL1211P_0.000_0.856,Doña Ana
FL1212M_0.000_0.495,Doña Ana
FL1212P_0.000_0.725,Doña Ana
FL1213P_0.000_0.826,Doña Ana
FL1214P_0.000_0.770,Doña Ana
FL1215P_0.000_0.642,Doña Ana
FL1216M_0.000_1.083,Doña Ana
FL1216P_0.000_1.179,Doña Ana
FL1217P_0.000_0.798,Doña Ana
FL1218P_0.000_0.877,Doña Ana
FL1219P_0.000_0.956,Doña Ana
FL1220P_0.000_0.339,Doña Ana
FL1221P_0.000_2.153,Doña Ana
FL1222P_0.000_0.831,Doña Ana
FL1223P_0.000_1.724,Doña Ana
FL1224P_0.000_1.185,Doña Ana
FL1225P_0.000_1.148,Doña Ana
FL1226P_0.000_1.124,Doña Ana
FL1227P_0.000_0.279,Doña Ana
FL1228P_0.000_0.423,Doña Ana
FL1229P_0.000_0.365,Doña Ana
FL1230P_0.000_13.373,Doña Ana
FL1231P_0.000_0.563,Doña Ana
FL1232P_0.000_1.057,Doña Ana
FL1233P_0.000_0.301,Doña Ana
FL1234P_0.000_2.499,Doña Ana
FL1235P_0.000_6.170,Doña Ana
FL1236P_0.000_1.030,Doña Ana
FL1237P_0.000_0.846,Doña Ana
FL1238P_0.000_0.642,Doña Ana
FL1239P_0.000_0.139,Doña Ana
FL1240P_0.000_0.889,Doña Ana
FL1241P_0.000_0.812,Doña Ana
FL1242P_0.000_3.508,Doña Ana
FL1243P_0.000_5.528,Doña Ana
FL1244P_0.000_0.667,Doña Ana
FL1245P_0.000_1.525,Doña Ana
FL1246P_0.000_2.620,Doña Ana
FL1247P_0.000_1.221,Doña Ana
FL1248P_0.000_2.188,Doña Ana
FL1249P_0.000_2.270,Doña Ana
FL1250P_0.000_0.341,Doña Ana
FL1251P_0.000_0.717,Doña Ana
FL1252P_0.000_0.570,Doña Ana
FL1253P_0.000_1.240,Doña Ana
FL1254P_0.000_1.018,Doña Ana
FL1255P_0.000_1.240,Doña Ana
FL1256P_0.000_0.832,Doña Ana
FL1257P_0.000_0.827,Doña Ana
FL1258P_0.000_0.856,Doña Ana
FL1259P_0.000_1.253,Doña Ana
FL1260P_0.000_0.329,Doña Ana
FL1261P_0.000_5.092,Doña Ana
FL1262M_0.000_0.995,Doña Ana
FL1262P_0.000_0.995,Doña Ana
FL1263P_0.000_3.632,Doña Ana
FL1264P_0.000_1.167,Doña Ana
FL1265P_0.000_4.249,Doña Ana
FL1266P_0.000_0.498,Doña Ana
FL1267P_0.000_0.630,Doña Ana
FL1268P_0.000_1.025,Doña Ana
FL1269P_0.000_3.708,Doña Ana
FL1270P_0.000_0.558,Doña Ana
FL1271P_0.000_0.546,Doña Ana
FL1272P_0.000_1.131,Doña Ana
FL1273P_0.000_1.371,Doña Ana
FL1274P_0.000_0.505,Doña Ana
FL1275P_0.000_1.996,Doña Ana
FL1276P_0.000_2.613,Doña Ana
FL1277P_0.000_2.027,Doña Ana
FL1278P_0.000_0.993,Doña Ana
FL1279P_0.000_0.991,Doña Ana
FL1280P_0.000_0.255,Doña Ana
FL1281P_0.000_0.229,Doña Ana
FL1282P_0.000_0.314,Doña Ana
FL1283P_0.000_0.125,Doña Ana
FL1284P_0.000_0.126,Doña Ana
FL1285P_0.000_0.604,Doña Ana
FL1286P_0.000_0.998,Doña Ana
FL1287P_0.000_2.530,Doña Ana
FL1288P_0.000_1.270,Doña Ana
FL1289P_0.000_0.577,Doña Ana
FL1290P_0.000_0.153,Bernalillo
FL1291P_0.000_0.484,Doña Ana
FL1301P_0.000_6.159,Chaves
FL1302P_0.000_0.516,Chaves
FL1303P_0.000_5.860,Chaves
FL1304M_0.000_0.922,Chaves
FL1304P_0.000_0.926,Chaves
FL1305P_0.000_2.011,Chaves
FL1306P_0.000_0.288,Chaves
FL1307P_0.000_5.708,Chaves
FL1308P_0.000_2.805,Chaves
FL1309P_0.000_37.886,Doña Ana
FL1310P_0.000_4.307,Chaves
FL1311P_0.000_3.885,Chaves
FL1312P_0.000_0.921,Chaves
FL1313P_0.000_1.496,Chaves
FL1314P_0.000_12.886,Grant
FL1315P_0.000_0.709,Grant
FL1317P_0.000_0.419,Grant
FL1318P_0.000_4.034,Curry
FL1319P_0.000_3.006,Curry
FL1320P_0.000_1.978,Curry
FL1321P_0.000_3.246,Curry
FL1322P_0.000_0.319,Grant
FL1323P_0.000_0.174,Curry
FL1324P_0.000_0.143,Grant
FL1325P_0.000_0.232,Grant
FL1326P_0.000_0.159,Grant
FL1327P_0.000_1.885,Grant
FL1328P_0.000_0.441,Grant
FL1329P_0.000_0.253,Lincoln
FL1330P_0.000_9.924,Hidalgo
FL1331P_0.000_5.878,Hidalgo
FL1332P_0.000_10.299,Hidalgo
FL1333P_0.000_19.565,Hidalgo
FL1334P_0.000_2.088,Lincoln
FL1335P_0.000_0.930,Lincoln
FL1336P_0.000_6.725,Lincoln
FL1337P_0.000_0.181,Lincoln
FL1338P_0.000_0.600,Lincoln
FL1339P_0.000_0.127,Lincoln
FL1340P_0.000_1.277,Lincoln
FL1341P_0.000_0.339,Rio Arriba
FL1342P_0.000_2.178,Rio Arriba
FL1343P_0.000_8.374,Rio Arriba
FL1344P_0.000_0.728,Rio Arriba
FL1345P_0.000_8.044,Roosevelt
FL1346P_0.000_4.234,Roosevelt
FL1348P_0.000_2.177,Torrance
FL1349P_0.000_0.750,Socorro
FL1352P_0.000_0.591,Socorro
FL1353P_0.000_0.660,Socorro
FL1354P_0.000_1.042,Torrance
FL1355P_0.000_5.471,Torrance
FL1356P_0.000_11.764,Torrance
FL1357P_0.000_0.595,Socorro
FL1358P_0.000_1.534,Torrance
FL1359P_0.000_5.996,Torrance
FL1360P_0.000_0.776,Socorro
FL1362P_0.000_0.319,Doña Ana
FL1363P_0.000_0.370,Doña Ana
FL1364P_0.000_2.485,Doña Ana
FL1365P_0.000_0.456,Doña Ana
FL1366P_0.000_3.914,Doña Ana
FL1367M_5.405_5.669,Doña Ana
FL1367P_0.000_5.669,Doña Ana
FL1401P_0.000_1.737,Lea
FL1402P_0.000_4.403,Lea
FL1403P_0.000_4.422,Lea
FL1404P_0.000_8.550,Lea
FL1405P_0.000_0.888,Lea
FL1406M_1.265_1.396,Lea
FL1406P_0.000_1.396,Lea
FL1407P_0.000_0.836,Santa Fe
FL1408P_0.000_1.065,Santa Fe
FL1409P_0.000_1.705,Santa Fe
FL1410P_0.000_0.932,Santa Fe
FL1411P_0.000_0.738,Santa Fe
FL1412P_0.000_1.063,Santa Fe
FL1413P_0.000_0.500,Santa Fe
FL1414P_0.000_0.916,Santa Fe
FL1415P_0.000_1.120,Santa Fe
FL1416P_0.000_1.193,Santa Fe
FL1417P_0.000_6.719,Santa Fe
FL1418P_0.000_0.807,Santa Fe
FL1419P_0.000_0.346,Santa Fe
FL1420P_0.000_1.249,Santa Fe
FL1421P_0.000_0.686,Santa Fe
FL1422P_0.000_1.162,Santa Fe
FL1423P_0.000_2.945,Santa Fe
FL1424P_0.000_1.196,Santa Fe
FL1425P_0.000_5.603,Santa Fe
FL1426P_0.000_1.513,Santa Fe
FL1427P_0.000_0.412,Santa Fe
FL1427P_0.412_18.549,Sandoval
FL1428P_0.000_0.696,Santa Fe
FL1429M_0.000_0.447,Santa Fe
FL1429P_0.000_0.445,Santa Fe
FL1430P_0.000_1.339,Santa Fe
FL1431M_0.398_0.666,Santa Fe
FL1431P_0.000_0.666,Santa Fe
FL1432P_0.000_1.333,Santa Fe
FL1433P_0.000_0.631,Santa Fe
FL1434P_0.000_0.350,Santa Fe
FL1435P_0.000_0.443,Santa Fe
FL1436P_0.000_0.885,Santa Fe
FL1437P_0.000_0.643,Santa Fe
FL1438P_0.000_0.076,Santa Fe
FL1439P_0.000_0.132,Santa Fe
FL1440P_0.000_1.407,Santa Fe
FL1441P_0.000_0.839,Santa Fe
FL1442P_0.000_0.171,Santa Fe
FL1443P_0.000_1.536,Santa Fe
FL1444P_0.000_0.134,Santa Fe
FL1445P_0.000_0.370,Santa Fe
FL1446M_0.027_0.329,Santa Fe
FL1446M_0.595_0.774,Santa Fe
FL1446M_2.006_2.229,Santa Fe
FL1446P_0.000_2.332,Santa Fe
FL1447P_0.000_0.475,Santa Fe
FL1448M_5.797_5.990,Santa Fe
FL1448P_0.000_5.990,Santa Fe
FL1449P_0.000_0.110,Santa Fe
FL1450M_0.000_0.499,Santa Fe
FL1450P_0.000_0.520,Santa Fe
FL1451P_0.000_3.981,Santa Fe
FL1452P_0.000_0.672,Santa Fe
FL1453P_0.000_2.736,Santa Fe
FL1454P_0.000_2.309,Santa Fe
FL1455P_0.000_1.914,Santa Fe
FL1456M_1.099_1.284,Santa Fe
FL1456P_0.000_1.284,Santa Fe
FL1457P_0.000_1.788,Santa Fe
FL1458P_0.000_3.514,Santa Fe
FL1459P_0.000_4.721,Santa Fe
FL1460P_0.000_0.953,Santa Fe
FL1461P_0.000_1.189,Santa Fe
FL1462P_0.000_0.526,Santa Fe
FL1463P_0.000_9.311,Santa Fe
FL1464P_0.000_0.103,Santa Fe
FL1465P_0.000_3.551,Santa Fe
FL1465P_3.551_3.592,Rio Arriba
FL1467P_0.000_1.762,Santa Fe
FL1468M_0.000_0.593,Santa Fe
FL1468P_0.000_0.593,Santa Fe
FL1469M_1.000_1.632,Santa Fe
FL1469P_0.000_2.000,Santa Fe
FL1470P_0.000_1.455,Santa Fe
FL1471P_0.000_0.713,Santa Fe
FL1472P_0.000_1.044,Santa Fe
FL1473P_0.000_3.421,Santa Fe
FL1474P_0.000_1.373,Santa Fe
FL1475P_0.000_1.325,Santa Fe
FL1476P_0.000_4.717,Santa Fe
FL1477P_0.000_2.047,Santa Fe
FL1478P_0.000_1.154,Santa Fe
FL1479P_0.000_0.454,Santa Fe
FL1480P_0.000_0.671,Santa Fe
FL1481P_0.000_2.436,Santa Fe
FL1482P_0.000_0.633,Santa Fe
FL1483P_0.000_3.520,Santa Fe
FL1484P_0.000_5.183,Santa Fe
FL1485P_0.000_5.016,Santa Fe
FL1486M_0.000_1.034,Santa Fe
FL1486P_0.000_1.034,Santa Fe
FL1487M_0.000_0.574,Santa Fe
FL1487P_0.000_1.219,Santa Fe
FL1488P_0.000_1.817,Santa Fe
FL1489P_0.000_1.593,Santa Fe
FL1490P_0.000_3.130,Santa Fe
FL1491M_0.650_1.202,Santa Fe
FL1491P_0.000_2.353,Santa Fe
FL1492M_2.142_2.450,Santa Fe
FL1492M_2.486_2.579,Santa Fe
FL1492M_2.799_2.896,Santa Fe
FL1492P_0.000_3.959,Santa Fe
FL1493P_0.000_1.065,Santa Fe
FL1494P_0.000_0.782,Santa Fe
FL1495P_0.000_0.400,Lea
FL1496P_0.000_5.228,Lea
FL1497M_0.000_1.005,Lea
FL1497P_0.000_1.005,Lea
FL1501P_0.000_18.966,Harding
FL1501P_18.966_51.560,San Miguel
FL1501P_51.560_51.817,Harding
FL1502P_0.000_37.889,Harding
FL1503P_0.000_4.168,Los Alamos
FL1504P_0.000_0.740,Los Alamos
FL1505P_0.000_0.584,Los Alamos
FL1506P_0.000_7.334,Los Alamos
FL1507P_0.000_2.030,Luna
FL1508P_0.000_2.032,Luna
FL1509P_0.000_3.376,Luna
FL1510P_0.000_1.608,Luna
FL1511P_0.000_2.401,McKinley
FL1512P_0.000_0.659,McKinley
FL1513P_0.000_1.147,McKinley
FL1514P_0.000_6.205,McKinley
FL1515P_0.000_7.216,McKinley
FL1517P_0.000_11.237,McKinley
FL1518P_0.000_11.441,McKinley
FL1519P_0.000_5.421,McKinley
FL1520P_0.000_12.332,McKinley
FL1521P_0.000_0.334,McKinley
FL1522P_0.000_1.556,McKinley
FL1523P_0.000_4.027,McKinley
FL1524P_0.000_24.549,McKinley
FL1525P_0.000_10.982,McKinley
FL1526P_0.000_0.328,McKinley
FL1527P_0.000_0.099,McKinley
FL1528P_0.000_1.013,Mora
FL1529P_0.000_0.204,Sierra
FL1530P_0.000_1.004,Sierra
FL1531P_0.000_5.490,Sierra
FL1532P_0.000_11.002,Sierra
FL1533P_0.000_1.602,Sierra
FL1534P_0.000_0.338,Sierra
FL1535P_0.000_2.552,Sierra
FL1536P_0.000_17.764,Sierra
FL1537P_0.000_27.995,Sierra
FL1538P_0.000_2.444,San Juan
FL1539P_0.000_1.360,San Juan
FL1540P_0.000_1.640,San Juan
FL1541P_0.000_8.420,San Juan
FL1542P_0.000_1.362,San Juan
FL1543P_0.000_5.487,San Juan
FL1544P_0.000_6.864,San Juan
FL1545P_0.000_3.789,San Juan
FL1546P_0.000_4.042,San Juan
FL1547P_0.000_2.119,San Juan
FL1548P_0.000_7.502,San Juan
FL1549P_0.000_2.550,San Juan
FL1550P_0.000_4.540,San Juan
FL1551P_0.000_2.184,San Juan
FL1552P_0.000_14.969,San Juan
FL1554P_0.000_0.190,San Juan
FL1555P_0.000_0.125,San Juan
FL1556P_0.000_0.122,San Juan
FL1557P_0.000_0.501,San Juan
FL1558P_0.000_2.490,San Juan
FL1559P_0.000_0.686,San Juan
FL1560P_0.000_1.073,San Juan
FL1561P_0.000_0.568,San Juan
FL1562P_0.000_0.274,San Juan
FL1563P_0.000_0.722,San Juan
FL1564P_0.000_0.504,San Juan
FL1565P_0.000_0.571,San Juan
FL1566P_0.000_0.496,San Juan
FL1567P_0.000_0.506,San Juan
FL1568P_0.000_0.492,San Juan
FL1569P_0.000_0.501,San Juan
FL1570P_0.000_0.523,San Juan
FL1571P_0.000_0.934,San Juan
FL1572P_0.000_0.484,San Juan
FL1573P_0.000_0.166,San Juan
FL1574P_0.000_0.450,San Juan
FL1575P_0.000_0.738,San Juan
FL1576P_0.000_0.504,San Juan
FL1577P_0.000_0.507,San Juan
FL1578P_0.000_0.999,San Juan
FL1579M_0.000_0.667,San Juan
FL1579P_0.000_1.436,San Juan
FL1580P_0.000_0.636,San Juan
FL1581P_0.000_0.415,San Juan
FL1582P_0.000_2.035,San Miguel
FL1583P_0.000_9.169,San Miguel
FL1584P_0.000_4.288,San Miguel
FL1585P_0.000_0.092,Valencia
FL1586P_0.000_1.077,Valencia
FL1587P_0.000_1.924,Valencia
FL1588P_0.000_1.013,Valencia
FL1589P_0.000_1.220,Valencia
FL1590P_0.000_0.744,Valencia
FL1591P_0.000_2.712,Valencia
FL1592P_0.000_4.092,Valencia
FL1593P_0.000_0.687,Valencia
FL1594P_0.000_1.465,Valencia
FL1595M_1.077_1.506,Valencia
FL1595P_0.000_1.876,Valencia
FL1596P_0.000_5.094,Valencia
FL1597P_0.000_3.581,Valencia
FL1598P_0.000_12.593,Valencia
FL1599P_0.000_0.617,Valencia
FL1600P_0.000_0.218,Sandoval
FL1601P_0.000_1.058,Sandoval
FL1602P_0.000_6.123,Sandoval
FL1603P_0.000_1.682,Sandoval
FL1604P_0.000_1.255,Sandoval
FL1605P_0.000_2.471,Sandoval
FL1606P_0.000_1.400,Sandoval
FL1607P_0.000_1.353,Sandoval
FL1608P_0.000_0.213,Sandoval
FL1609P_0.000_0.090,Sandoval
FL1610P_0.000_1.494,Sandoval
FL1611P_0.000_0.588,Sandoval
FL1612P_0.000_0.386,Sandoval
FL1613P_0.000_0.116,Sandoval
FL1614P_0.000_11.559,Sandoval
FL1615P_0.000_1.630,Sandoval
FL1616P_0.000_1.602,McKinley
FL1617P_0.000_0.153,Sandoval
FL1618P_0.000_0.395,Sandoval
FL1619P_0.000_9.174,Sandoval
FL1621P_0.000_7.468,Sandoval
FL1622P_0.000_0.605,Sandoval
FL1623P_0.000_0.686,Sandoval
FL1624P_0.000_0.476,Sandoval
FL1625P_0.000_0.432,Sandoval
FL1626P_0.000_0.123,Sandoval
FL1627P_0.000_3.397,Sandoval
FL1628P_0.000_2.528,Sandoval
FL1629P_0.000_0.988,Sandoval
FL1630P_0.000_4.167,Sandoval
FL1631P_0.000_6.395,Sandoval
FL1633P_0.000_1.108,Sandoval
FL1634P_0.000_4.162,Sandoval
FL1635P_0.000_0.695,Sandoval
FL1636P_0.000_1.076,Sandoval
FL1637P_0.000_0.807,Sandoval
FL1638P_0.000_2.933,Sandoval
FL1639P_0.000_1.159,Sandoval
FL1640P_0.000_1.865,Sandoval
FL1641P_0.000_1.386,Sandoval
FL1642P_0.000_8.519,Sandoval
FL1643P_0.000_3.692,Sandoval
FL1644P_0.000_0.704,Sandoval
FL1645P_0.000_3.783,Sandoval
FL1646P_0.000_1.215,Sandoval
FL1647P_0.000_6.672,Sandoval
FL1648P_0.000_5.827,Sandoval
FL1649P_0.000_7.304,Sandoval
FL1650P_0.000_7.279,Sandoval
FL1651P_0.000_3.352,Sandoval
FL1652P_0.000_11.336,Sandoval
FL1653P_0.000_14.052,Sandoval
FL1654P_0.000_1.659,Sandoval
FL1655P_0.000_0.408,Sandoval
FL1656P_0.000_9.201,Sandoval
FL1657P_0.000_1.599,Sandoval
FL1658P_0.000_8.759,Sandoval
FL1659P_0.000_10.050,Sandoval
FL1660P_0.000_32.575,Lea
FL1661P_0.000_9.426,Lea
FL1662P_0.000_4.011,Lea
FL1663P_0.000_2.004,Lea
FL1664P_0.000_20.691,Lea
FL1665P_0.000_7.890,Lea
FL1666P_0.000_8.412,Lea
FL1667P_0.000_2.322,Doña Ana
FL1668P_0.000_4.766,Doña Ana
FL1669P_0.000_1.168,Doña Ana
FL1670P_0.000_1.086,Doña Ana
FL1671P_0.000_0.406,Doña Ana
FL1672P_0.000_0.616,Doña Ana
FL1673P_0.000_25.398,Lea
FL1700P_0.000_8.651,Valencia
FL1701P_0.000_0.959,Valencia
FL1702P_0.000_2.119,Valencia
FL1703P_0.000_1.285,Valencia
FL1704P_0.000_3.362,Valencia
FL1705P_0.000_1.309,Valencia
FL1706P_0.000_1.365,Valencia
FL1707P_0.000_1.767,Valencia
FL1708P_0.000_2.044,Valencia
FL1709P_0.000_1.521,Valencia
FL1710P_0.000_1.616,Valencia
FL1711P_0.000_0.995,Valencia
FL1712P_0.000_0.626,Valencia
FL1713P_0.000_0.764,Valencia
FL1714P_0.000_1.496,Valencia
FL1715P_0.000_2.670,Valencia
FL1716P_0.000_5.148,Chaves
FL1717P_0.000_3.476,Sandoval
FL1718P_0.000_0.251,Eddy
FL1719P_0.000_2.366,Doña Ana
FL1720P_0.000_6.582,Bernalillo
FL1721P_0.000_3.251,Bernalillo
FL1722P_0.000_3.601,Bernalillo
FL1723P_0.000_1.904,Bernalillo
FL1724P_0.000_5.812,Bernalillo
FL1725P_0.000_0.629,Bernalillo
FL1726P_0.000_4.909,Bernalillo
FL1727P_0.000_0.500,Chaves
FL1728P_0.000_5.037,Chaves
FL1729P_0.000_1.554,Chaves
FL1730P_0.000_0.776,Chaves
FL1731P_0.000_2.116,Chaves
FL1732P_0.000_5.579,Chaves
FL1733P_0.000_1.993,Eddy
FL1734P_0.000_5.161,Eddy
FL1735P_0.000_23.375,Eddy
FL1736P_0.000_18.433,Eddy
FL1737P_0.000_0.566,McKinley
FL1738P_0.000_3.884,Rio Arriba
FL1739P_0.000_2.656,Rio Arriba
FL1740P_0.000_6.622,Rio Arriba
FL1741P_0.000_2.711,Rio Arriba
FL1742P_0.000_0.186,Rio Arriba
FL1743P_0.000_1.650,Rio Arriba
FL1744P_0.000_7.495,San Juan
FL1745P_0.000_2.693,San Juan
FL1746P_0.000_29.513,San Miguel
FL1747P_0.000_7.749,San Miguel
FL1748P_0.000_1.106,Bernalillo
FL1748P_1.106_15.392,Santa Fe
FL1749P_0.000_4.707,Taos
FL1750P_0.000_1.302,Taos
FL1751P_0.000_0.559,Taos
FL1752P_0.000_1.017,Taos
FL1753P_0.000_3.489,Union
FL1754P_0.000_2.970,Valencia
FL1760P_0.000_0.506,Chaves
FL1761P_0.000_3.004,Eddy
FL1762P_0.000_1.277,Chaves
FL1764P_0.000_2.015,Chaves
FL1765P_0.000_2.837,Bernalillo
FL1766P_0.000_2.918,Rio Arriba
FL1767P_0.000_4.011,Eddy
FL1768P_0.000_5.605,Rio Arriba
FL1769P_0.000_6.152,Rio Arriba
FL1770P_0.000_7.362,Bernalillo
FL1771P_0.000_28.644,McKinley
FL1800P_0.000_2.206,Otero
FL1802P_0.000_6.242,Hidalgo
FL1803P_0.000_0.466,Sandoval
FL1804P_0.000_0.580,Sandoval
FL1807P_0.000_0.187,Santa Fe
FL1808P_0.000_1.371,Eddy
FL1809P_0.000_12.561,Eddy
FL1810P_0.000_19.861,Eddy
FL1811P_0.000_23.226,Eddy
FL1812M_0.160_3.237,Doña Ana
FL1812P_0.000_3.203,Doña Ana
FL1813M_0.000_0.514,Doña Ana
FL1813P_0.000_0.514,Doña Ana
FL1814P_0.000_0.421,San Miguel
FL1815P_0.000_0.954,Rio Arriba
FL1816P_0.000_10.690,Catron
FL1817P_0.000_2.315,San Juan
FL1818M_0.000_0.053,Doña Ana
FL1818P_0.000_0.125,Doña Ana
FL1819M_0.000_3.542,Santa Fe
FL1819P_0.000_3.542,Santa Fe
FL1820M_0.000_4.765,Santa Fe
FL1820P_0.000_4.768,Santa Fe
FL1821P_0.000_9.137,Torrance
FL2500P_0.000_2.694,San Juan
FL4005M_0.000_4.393,Bernalillo
FL4005P_0.000_4.393,Bernalillo
FL4007M_0.000_8.885,Bernalillo
FL4007P_0.000_8.909,Bernalillo
FL4009M_0.000_0.270,Bernalillo
FL4009P_0.000_8.806,Bernalillo
FL4014M_0.000_1.445,Bernalillo
FL4014M_3.971_6.667,Bernalillo
FL4014P_0.000_6.667,Bernalillo
FL4016M_0.000_16.442,Bernalillo
FL4016M_17.146_17.248,Bernalillo
FL4016P_0.000_17.260,Bernalillo
FL4018M_0.000_12.882,Bernalillo
FL4018P_0.000_13.276,Bernalillo
FL4020M_0.000_3.614,Bernalillo
FL4020P_0.000_5.330,Bernalillo
FL4023M_1.053_1.538,Bernalillo
FL4023P_0.000_3.204,Bernalillo
FL4026M_0.000_0.650,Bernalillo
FL4026P_0.000_2.566,Bernalillo
FL4027P_0.000_2.132,Bernalillo
FL4028P_0.000_4.132,Bernalillo
FL4029P_0.000_1.810,Bernalillo
FL4030M_2.288_2.951,Bernalillo
FL4030P_0.000_6.957,Bernalillo
FL4032M_0.000_0.614,Bernalillo
FL4032P_0.000_0.588,Bernalillo
FL4033P_0.000_2.497,Bernalillo
FL4034P_0.000_0.611,Bernalillo
FL4035M_0.000_3.599,Bernalillo
FL4035M_4.617_5.588,Bernalillo
FL4035P_0.000_5.592,Bernalillo
FL4036P_0.000_1.115,Bernalillo
FL4037P_0.000_0.680,Bernalillo
FL4038M_0.274_0.816,Bernalillo
FL4038P_0.000_1.315,Bernalillo
FL4040M_0.000_10.007,Bernalillo
FL4040P_0.000_10.535,Bernalillo
FL4043M_0.168_0.761,Bernalillo
FL4043P_0.000_2.228,Bernalillo
FL4046M_1.454_10.202,Bernalillo
FL4046P_0.000_10.522,Bernalillo
FL4048M_2.773_7.891,Bernalillo
FL4048P_0.000_8.269,Bernalillo
FL4052M_0.255_2.956,Bernalillo
FL4052P_0.000_2.956,Bernalillo
FL4053M_4.911_5.929,Bernalillo
FL4053P_0.000_8.614,Bernalillo
FL4057M_1.923_5.534,Bernalillo
FL4057M_5.878_6.111,Bernalillo
FL4057M_6.910_7.714,Bernalillo
FL4057P_0.000_7.714,Bernalillo
FL4061M_0.000_8.363,Bernalillo
FL4061P_0.000_8.362,Bernalillo
FL4063M_0.000_8.785,Bernalillo
FL4063P_0.000_9.374,Bernalillo
FL4064M_0.000_5.354,Bernalillo
FL4064P_0.000_5.354,Bernalillo
FL4065M_1.092_7.747,Bernalillo
FL4065P_0.000_7.742,Bernalillo
FL4070M_0.000_0.959,Bernalillo
FL4070P_0.000_1.938,Bernalillo
FL4078M_0.000_4.360,Bernalillo
FL4078P_0.000_4.360,Bernalillo
FL4079M_0.000_2.272,Bernalillo
FL4079M_2.989_4.472,Bernalillo
FL4079P_0.000_4.492,Bernalillo
FL4079P_4.492_6.126,Sandoval
FL4080M_0.000_1.379,Bernalillo
FL4080P_0.000_1.623,Bernalillo
FL4081M_0.000_1.100,Bernalillo
FL4081M_1.100_3.142,Sandoval
FL4081M_4.165_6.164,Sandoval
FL4081P_0.000_1.100,Bernalillo
FL4081P_1.100_14.223,Sandoval
FL4082M_0.000_7.590,Bernalillo
FL4082M_8.093_8.453,Bernalillo
FL4082M_9.762_9.842,Bernalillo
FL4082P_0.000_9.842,Bernalillo
FL4096M_2.157_3.141,Sandoval
FL4096P_0.000_7.008,Sandoval
FL4098M_0.000_3.201,Sandoval
FL4098P_0.000_9.058,Sandoval
FL4166P_0.000_2.003,Eddy
FL4167P_0.000_2.000,Eddy
FL4168P_0.000_1.990,Eddy
FL4180P_0.000_0.289,San Juan
FL4181P_0.000_0.516,San Juan
FL4182P_0.000_0.616,San Juan
FL4183P_0.000_0.484,San Juan
FL4184P_0.000_0.579,San Juan
FL4185P_0.000_0.575,San Juan
FL4186P_0.000_1.310,San Juan
FL4188P_0.000_0.712,San Juan
FL4189P_0.000_1.178,San Juan
FL4190P_0.000_0.215,San Juan
FL4192P_0.000_7.326,San Juan
FL4193P_0.000_0.490,San Juan
FL4220P_0.000_0.532,Valencia
FL4221P_0.000_0.446,Valencia
FL4222P_0.000_1.004,Valencia
FL4223P_0.000_3.118,Valencia
FL4224P_0.000_1.056,Valencia
FL4228P_0.000_2.172,Valencia
FL4229P_0.000_0.554,Valencia
FL4251P_0.000_2.536,Eddy
FL4252P_0.000_0.575,Eddy
FL4261P_0.000_1.646,Eddy
FL4265P_0.000_1.898,Eddy
FL4266P_0.000_2.074,Eddy
FL4267M_1.686_1.835,Eddy
FL4267P_0.000_2.840,Eddy
FL4268P_0.000_2.830,Eddy
FL4270P_0.000_3.656,Eddy
FL4271P_0.000_1.319,Eddy
FL4272P_0.000_0.572,Eddy
FL4273P_0.000_0.795,Eddy
FL4279M_0.000_0.848,Curry
FL4279P_0.000_0.848,Curry
FL4280P_0.000_0.265,Curry
FL4282M_0.000_1.006,Curry
FL4282P_0.000_1.006,Curry
FL4284M_2.649_5.047,Curry
FL4284P_0.000_5.049,Curry
FL4285P_0.000_2.013,Curry
FL4291P_0.000_2.434,Curry
FL4296P_0.000_3.026,Curry
FL4298M_0.000_4.013,Curry
FL4298P_0.000_4.024,Curry
FL4301P_0.000_2.040,Curry
FL4302P_0.000_1.610,Curry
FL4303P_0.000_3.862,Curry
FL4331P_0.000_1.656,Luna
FL4332P_0.000_1.014,Luna
FL4336P_0.000_0.997,Luna
FL4339P_0.000_0.989,Luna
FL4351P_0.000_0.926,Rio Arriba
FL4355P_0.000_0.573,San Juan
FL4356M_3.048_6.513,San Juan
FL4356P_0.000_6.513,San Juan
FL4357M_0.000_3.295,San Juan
FL4357P_0.000_3.295,San Juan
FL4359P_0.000_0.618,San Juan
FL4360P_0.000_4.850,Eddy
FL4384P_0.000_0.077,San Juan
FL4385P_0.000_0.734,San Juan
FL4386P_0.000_1.526,San Juan
FL4387P_0.000_3.442,San Juan
FL4388M_0.000_0.075,San Juan
FL4388P_0.000_1.312,San Juan
FL4389P_0.000_1.733,San Juan
FL4390P_0.000_1.226,San Juan
FL4391P_0.000_2.619,San Juan
FL4393P_0.000_1.048,San Juan
FL4394P_0.000_1.326,San Juan
FL4395P_0.000_2.786,San Juan
FL4396M_0.000_0.694,San Juan
FL4396M_1.069_1.667,San Juan
FL4396P_0.000_4.074,San Juan
FL4413P_0.000_1.208,McKinley
FL4416P_0.000_3.743,McKinley
FL4417P_0.000_0.899,McKinley
FL4418P_0.000_0.305,McKinley
FL4424P_0.000_0.844,McKinley
FL4425P_0.000_0.344,McKinley
FL4426P_0.000_0.245,McKinley
FL4429P_0.000_1.426,McKinley
FL4430P_0.000_4.474,McKinley
FL4486P_0.000_0.999,Lea
FL4489P_0.000_0.515,Lea
FL4490P_0.000_2.184,Lea
FL4491P_0.000_1.984,Lea
FL4493P_0.000_2.053,Lea
FL4494P_0.000_3.011,Lea
FL4495P_0.000_1.003,Lea
FL4496P_0.000_2.411,Lea
FL4497P_0.000_2.567,Lea
FL4498P_0.000_4.919,Lea
FL4499P_0.000_1.998,Lea
FL4504M_1.153_2.249,Doña Ana
FL4504P_0.000_3.916,Doña Ana
FL4505P_0.000_3.772,Doña Ana
FL4519P_0.000_0.727,Doña Ana
FL4532M_0.000_2.110,Doña Ana
FL4532P_0.000_4.907,Doña Ana
FL4537P_0.000_3.720,Doña Ana
FL4538P_0.000_0.965,Doña Ana
FL4539M_0.000_0.286,Doña Ana
FL4539P_0.000_5.025,Doña Ana
FL4540P_0.000_1.012,Doña Ana
FL4560M_1.133_1.454,San Miguel
FL4560P_0.000_1.454,San Miguel
FL4564P_0.000_0.216,San Miguel
FL4565P_0.000_0.695,San Miguel
FL4566P_0.000_3.454,San Miguel
FL4567P_0.000_0.968,San Miguel
FL4568P_0.000_1.297,San Miguel
FL4601P_0.000_2.840,Lea
FL4602P_0.000_1.997,Lea
FL4603P_0.000_0.969,Lea
FL4615P_0.000_1.148,Lea
FL4616P_0.000_0.995,Lea
FL4636P_0.000_0.431,Roosevelt
FL4639P_0.000_1.584,Roosevelt
FL4640P_0.000_0.668,Roosevelt
FL4642P_0.000_1.008,Roosevelt
FL4643P_0.000_0.742,Roosevelt
FL4644P_0.000_2.135,Roosevelt
FL4645P_0.000_2.468,Roosevelt
FL4646P_0.000_0.985,Roosevelt
FL4667P_0.000_1.565,Colfax
FL4683M_0.000_4.020,Chaves
FL4683P_0.000_4.020,Chaves
FL4685M_0.000_10.032,Chaves
FL4685P_0.000_10.032,Chaves
FL4692P_0.000_3.370,Chaves
FL4703P_0.000_3.996,Chaves
FL4704P_0.000_5.290,Chaves
FL4705P_0.000_6.130,Chaves
FL4707P_0.000_0.605,Chaves
FL4708P_0.000_3.106,Chaves
FL4709P_0.000_3.086,Chaves
FL4710P_0.000_3.005,Chaves
FL4711P_0.000_2.978,Chaves
FL4712P_0.000_3.837,Chaves
FL4724P_0.000_0.365,Santa Fe
FL4725P_0.000_0.593,Santa Fe
FL4726M_0.000_3.187,Santa Fe
FL4726P_0.000_4.373,Santa Fe
FL4727M_0.000_3.343,Santa Fe
FL4727P_0.000_5.000,Santa Fe
FL4728P_0.000_1.334,Santa Fe
FL4731P_0.000_1.641,Santa Fe
FL4732M_0.000_1.133,Santa Fe
FL4732P_0.000_2.293,Santa Fe
FL4734P_0.000_2.271,Santa Fe
FL4735P_0.000_7.037,Santa Fe
FL4740P_0.000_0.642,Santa Fe
FL4750P_0.000_0.814,Santa Fe
FL4777M_0.485_1.029,Santa Fe
FL4777P_0.000_1.029,Santa Fe
FL4797P_0.000_0.920,Santa Fe
FL4798P_0.000_0.924,Santa Fe
FL4799P_0.000_1.614,Santa Fe
FL4801P_0.000_5.707,Santa Fe
FL4803P_0.000_1.544,Santa Fe
FL4804P_0.000_0.355,Santa Fe
FL4805P_0.000_3.112,Santa Fe
FL4807M_0.191_1.077,Santa Fe
FL4807M_1.842_1.918,Santa Fe
FL4807P_0.000_1.915,Santa Fe
FL4808P_0.000_0.611,Santa Fe
FL4809P_0.000_0.225,Santa Fe
FL4811P_0.000_0.375,Santa Fe
FL4833P_0.000_1.236,Grant
FL4841P_0.000_1.008,Grant
FL4843P_0.000_0.866,Grant
FL4844P_0.000_0.523,Grant
FL4845P_0.000_1.483,Grant
FL4846P_0.000_2.404,Grant
FL4847P_0.000_0.329,Grant
FL4848P_0.000_0.368,Grant
FL4859P_0.000_0.517,Socorro
FL4860P_0.000_0.344,Socorro
FL4861P_0.000_0.085,Socorro
FL4862P_0.000_0.277,Socorro
FL4863P_0.000_0.078,Socorro
FL4865P_0.000_0.841,Socorro
FL4866P_0.000_2.018,Socorro
FL4869P_0.000_0.271,Sierra
FL4870P_0.000_2.151,Sierra
FL4872P_0.000_0.688,Sierra
FL4873P_0.000_0.465,Sierra
FL4874P_0.000_0.824,Sierra
FL4875P_0.000_0.353,Sierra
FL4879P_0.000_1.531,Quay
FL4893P_0.000_0.997,Quay
FL4896P_0.000_0.992,Quay
FL4897P_0.000_1.961,Quay
FL4898P_0.000_0.675,Quay
FL4903M_0.000_0.583,Otero
FL4903P_0.000_2.365,Otero
FL4917M_0.000_0.983,Otero
FL4917M_1.484_2.016,Otero
FL4917P_0.000_2.016,Otero
FL4918M_0.000_1.750,Otero
FL4918P_0.000_1.750,Otero
FL4919P_0.000_1.719,Otero
FL4920M_0.000_5.034,Otero
FL4920P_0.000_5.034,Otero
FL4921P_0.000_5.620,Otero
FL4922P_0.000_0.464,Otero
FL4923M_0.000_2.213,Otero
FL4923M_2.216_5.253,Otero
FL4923P_0.000_5.253,Otero
FL4924P_0.000_0.499,Otero
FL4925M_0.000_0.540,Otero
FL4925P_0.000_1.002,Otero
FL4953P_0.000_0.735,Cibola
FL4956P_0.000_0.606,Cibola
FL4957M_1.097_1.831,Cibola
FL4957P_0.000_1.831,Cibola
FL5000M_0.911_5.119,Bernalillo
FL5000P_0.000_5.150,Bernalillo
FL5001P_0.000_0.467,Bernalillo
FL5002P_0.000_0.283,Bernalillo
FL5003P_0.000_1.577,Bernalillo
FL5004M_2.474_4.180,Bernalillo
FL5004P_0.000_4.180,Bernalillo
FL5005P_0.000_1.914,Bernalillo
FL5006P_0.000_2.802,Bernalillo
FL5007P_0.000_1.866,Bernalillo
FL5008M_0.000_0.293,Sandoval
FL5008P_0.000_1.228,Sandoval
FL5009P_0.000_1.153,Bernalillo
FL5010M_0.000_0.386,Bernalillo
FL5010P_0.000_0.377,Bernalillo
FL5011P_0.000_0.560,Bernalillo
FL5012P_0.000_1.113,Bernalillo
FL5013P_0.000_1.019,Bernalillo
FL5014M_0.521_1.049,Bernalillo
FL5014M_2.974_5.028,Bernalillo
FL5014P_0.000_5.028,Bernalillo
FL5015P_0.000_2.557,Bernalillo
FL5016M_2.748_3.921,Bernalillo
FL5016M_5.167_10.203,Bernalillo
FL5016P_0.000_10.502,Bernalillo
FL5017P_0.000_2.513,Bernalillo
FL5019P_0.000_4.248,Bernalillo
FL5020M_0.000_0.284,Sandoval
FL5020P_0.000_0.284,Sandoval
FL5021P_0.000_1.144,Bernalillo
FL5022M_0.000_1.975,Bernalillo
FL5022P_0.000_1.975,Bernalillo
FL5023P_0.000_0.587,Bernalillo
FL5024M_0.489_0.760,Bernalillo
FL5024P_0.000_0.760,Bernalillo
FL5025P_0.000_3.518,Bernalillo
FL5026P_0.000_1.560,Bernalillo
FL5027P_0.000_0.515,Bernalillo
FL5028P_0.000_1.045,Bernalillo
FL5029P_0.000_1.654,Bernalillo
FL5030P_0.000_0.495,Bernalillo
FL5031P_0.000_0.982,Bernalillo
FL5032P_0.000_1.256,Bernalillo
FL5033M_0.164_0.549,Bernalillo
FL5033P_0.000_0.549,Bernalillo
FL5035M_1.235_2.237,Bernalillo
FL5035P_0.000_3.803,Bernalillo
FL5036M_0.000_2.403,Bernalillo
FL5036P_0.000_5.525,Bernalillo
FL5037M_0.599_1.973,Bernalillo
FL5037M_2.331_4.514,Bernalillo
FL5037P_0.000_4.693,Bernalillo
FL5038P_0.000_0.780,Bernalillo
FL5039P_0.000_0.754,Bernalillo
FL5040M_0.000_3.868,Bernalillo
FL5040P_0.000_3.868,Bernalillo
FL5041M_0.000_2.951,Bernalillo
FL5041P_0.000_3.114,Bernalillo
FL5042P_0.000_2.887,Bernalillo
FL5043P_0.000_0.504,Bernalillo
FL5044M_0.000_0.445,Bernalillo
FL5044P_0.000_0.445,Bernalillo
FL5045M_0.450_0.828,Bernalillo
FL5045P_0.000_0.828,Bernalillo
FL5046P_0.000_1.240,Bernalillo
FL5047P_0.000_0.475,Bernalillo
FL5048P_0.000_1.152,Bernalillo
FL5049P_0.000_0.702,Bernalillo
FL5050P_0.000_1.996,Bernalillo
FL5051P_0.000_3.701,Bernalillo
FL5052P_0.000_2.179,Bernalillo
FL5053P_0.000_3.185,Bernalillo
FL5054M_0.000_1.091,Bernalillo
FL5054P_0.000_1.983,Bernalillo
FL5055P_0.000_4.093,Bernalillo
FL5056P_0.000_0.368,Bernalillo
FL5057P_0.000_1.091,Bernalillo
FL5058M_0.000_0.778,Sandoval
FL5058P_0.000_1.647,Sandoval
FL5059M_0.000_0.703,Bernalillo
FL5059M_2.683_3.403,Bernalillo
FL5059P_0.000_3.403,Bernalillo
FL5060P_0.000_1.051,Bernalillo
FL5061P_0.000_3.531,Bernalillo
FL5063P_0.000_0.514,Bernalillo
FL5064P_0.000_2.254,Bernalillo
FL5065M_0.000_1.057,Bernalillo
FL5065P_0.000_2.151,Bernalillo
FL5066M_0.089_2.996,Bernalillo
FL5066P_0.000_2.996,Bernalillo
FL5067P_0.000_3.043,Bernalillo
FL5068P_0.000_0.501,Bernalillo
FL5069P_0.000_1.629,Sandoval
FL5070P_0.000_0.394,Bernalillo
FL5071P_0.000_2.413,Bernalillo
FL5072M_0.440_1.428,Bernalillo
FL5072P_0.000_1.443,Bernalillo
FL5073M_1.951_3.096,Bernalillo
FL5073P_0.000_3.096,Bernalillo
FL5074M_0.000_0.080,Bernalillo
FL5074P_0.000_0.280,Bernalillo
FL5075P_0.000_2.396,Bernalillo
FL5076P_0.000_2.105,Bernalillo
FL5077M_0.000_1.576,Bernalillo
FL5077P_0.000_1.576,Bernalillo
FL5078P_0.000_1.857,Bernalillo
FL5079P_0.000_0.500,Bernalillo
FL5080P_0.000_0.606,Bernalillo
FL5081M_0.000_3.722,Bernalillo
FL5081P_0.000_4.075,Bernalillo
FL5082P_0.000_0.495,Bernalillo
FL5083P_0.000_2.363,Bernalillo
FL5084M_0.000_0.426,Bernalillo
FL5084P_0.000_0.750,Bernalillo
FL5085M_0.603_1.045,Bernalillo
FL5085P_0.000_1.045,Bernalillo
FL5086P_0.000_1.278,Bernalillo
FL5087P_0.000_0.349,Bernalillo
FL5088P_0.000_0.996,Bernalillo
FL5089P_0.000_10.035,Bernalillo
FL5091P_0.000_1.883,Bernalillo
FL5092M_0.565_0.823,Bernalillo
FL5092P_0.000_7.564,Bernalillo
FL5093P_0.000_1.444,Bernalillo
FL5094P_0.000_0.722,Bernalillo
FL5095P_0.000_1.913,Bernalillo
FL5096M_0.000_3.534,Bernalillo
FL5096M_4.040_6.638,Bernalillo
FL5096P_0.000_6.638,Bernalillo
FL5097P_0.000_3.045,Bernalillo
FL5098P_0.000_7.678,Bernalillo
FL5099P_0.000_1.493,Sandoval
FL5100P_0.000_1.358,Sandoval
FL5101P_0.000_1.755,Sandoval
FL5102P_0.000_1.572,Sandoval
FL5103P_0.000_1.694,Sandoval
FL5104P_0.000_0.875,Sandoval
FL5105P_0.000_0.791,Sandoval
FL5106P_0.000_0.935,Sandoval
FL5107M_1.395_1.679,Sandoval
FL5107P_0.000_2.636,Sandoval
FL5108P_0.000_1.326,Sandoval
FL5109P_0.000_0.826,Sandoval
FL5110P_0.000_0.389,Sandoval
FL5111P_0.000_1.379,Bernalillo
FL5112P_0.000_0.788,Sandoval
FL5113P_0.000_1.026,Sandoval
FL5114P_0.000_2.807,Sandoval
FL5115P_0.000_0.310,Sandoval
FL5116P_0.000_1.250,Sandoval
FL5117M_0.000_0.280,Bernalillo
FL5117P_0.000_0.280,Bernalillo
FL5118P_0.000_0.210,Sandoval
FL5119P_0.000_0.907,Sandoval
FL5120P_0.000_1.601,Sandoval
FL5123P_0.000_1.094,Bernalillo
FL5124P_0.000_1.347,Bernalillo
FL5125P_0.000_0.444,Bernalillo
FL5126P_0.000_0.696,Bernalillo
FL5131P_0.000_1.832,Bernalillo
FL5175P_0.000_2.250,Eddy
FL5181P_0.000_0.446,Eddy
FL5194P_0.000_1.328,Sierra
FL5195P_0.000_0.800,San Miguel
FL5197P_0.000_0.798,Sandoval
FL5201P_0.000_1.724,Bernalillo
FL5210P_0.000_1.291,Bernalillo
FL5211P_0.000_0.453,Bernalillo
FL5212P_0.000_0.765,Bernalillo
FL5213P_0.000_1.029,Bernalillo
FL5214P_0.000_1.126,Sandoval
FL5217P_0.000_0.668,Bernalillo
FL5218P_0.000_2.261,Sandoval
FL5219P_0.000_1.991,Bernalillo
FL5220P_0.000_0.511,Valencia
FL5224P_0.000_0.916,Valencia
FL5226P_0.000_0.289,Valencia
FL5227P_0.000_0.449,Valencia
FL5229P_0.000_0.835,Valencia
FL5230P_0.000_3.779,Valencia
FL5231P_0.000_0.510,Valencia
FL5237P_0.000_0.444,Bernalillo
FL5238P_0.000_2.658,Bernalillo
FL5239M_0.000_1.096,Bernalillo
FL5239P_0.000_1.082,Bernalillo
FL5242P_0.000_0.100,Bernalillo
FL5244P_0.000_0.715,Bernalillo
FL5247P_0.000_1.615,Bernalillo
FL5251P_0.000_1.686,Valencia
FL5252P_0.000_1.287,Valencia
FL5253M_0.000_1.731,Sandoval
FL5253P_0.000_3.057,Sandoval
FL5254M_0.000_3.731,Bernalillo
FL5254P_0.000_3.731,Bernalillo
FL5255M_0.879_2.360,Bernalillo
FL5255M_2.473_2.790,Bernalillo
FL5255P_0.000_3.299,Bernalillo
FL5256P_0.000_0.525,Sandoval
FL5257M_0.000_0.906,Sandoval
FL5257M_0.906_1.434,Bernalillo
FL5257M_2.012_2.157,Bernalillo
FL5257P_0.000_0.949,Sandoval
FL5257P_0.949_2.152,Bernalillo
FL5258P_0.000_1.531,Sandoval
FL5259M_0.679_0.985,Sandoval
FL5259P_0.000_0.985,Sandoval
FL5260M_1.427_3.017,Bernalillo
FL5260P_0.000_3.009,Bernalillo
FL5262P_0.000_2.454,Bernalillo
FL5263P_0.000_1.173,Sandoval
FL5264P_0.000_1.019,Valencia
FL5265P_0.000_3.026,Eddy
FL5266M_0.714_1.493,Eddy
FL5266P_0.000_1.493,Eddy
FL5267P_0.000_1.640,Eddy
FL5270P_0.000_0.200,Eddy
FL5272P_0.000_1.010,Eddy
FL5273P_0.000_0.235,Eddy
FL5275P_0.000_1.399,Eddy
FL5277P_0.000_1.940,Eddy
FL5279P_0.000_0.070,Eddy
FL5281P_0.000_2.035,Curry
FL5282P_0.000_3.499,Eddy
FL5283P_0.000_1.220,Eddy
FL5284P_0.000_1.580,Eddy
FL5285P_0.000_0.669,Eddy
FL5287P_0.000_1.007,Curry
FL5288P_0.000_3.671,Curry
FL5290P_0.000_2.521,Curry
FL5291P_0.000_1.008,Curry
FL5292P_0.000_1.509,Curry
FL5293P_0.000_1.351,Curry
FL5294P_0.000_1.237,Roosevelt
FL5295P_0.000_0.614,Roosevelt
FL5296P_0.000_1.431,Roosevelt
FL5297P_0.000_0.928,Roosevelt
FL5305P_0.000_1.113,Curry
FL5306P_0.000_2.069,Curry
FL5307P_0.000_0.750,Curry
FL5313P_0.000_0.698,Bernalillo
FL5314P_0.000_1.229,Bernalillo
FL5315P_0.000_0.371,Sandoval
FL5316P_0.000_0.738,Bernalillo
FL5321P_0.000_1.376,San Juan
FL5323P_0.000_2.248,San Juan
FL5326P_0.000_0.505,San Juan
FL5330P_0.000_1.172,Luna
FL5339P_0.000_3.070,Luna
FL5340P_0.000_1.021,Luna
FL5343P_0.000_1.917,Luna
FL5345P_0.000_1.189,Rio Arriba
FL5346P_0.000_1.392,Rio Arriba
FL5347P_0.000_0.226,Rio Arriba
FL5348P_0.000_1.112,Rio Arriba
FL5349P_0.000_0.728,Rio Arriba
FL5351P_0.000_0.305,Sierra
FL5354P_0.000_2.528,Sierra
FL5360P_0.000_1.360,San Juan
FL5361P_0.000_0.986,San Juan
FL5363M_0.000_0.427,Bernalillo
FL5363M_0.776_2.819,Bernalillo
FL5363P_0.000_2.819,Bernalillo
FL5364P_0.000_0.964,Luna
FL5365P_0.000_1.910,San Juan
FL5366P_0.000_0.328,San Juan
FL5367P_0.000_0.597,San Juan
FL5368P_0.000_1.142,San Juan
FL5369P_0.000_1.952,San Juan
FL5371P_0.000_1.264,Bernalillo
FL5372P_0.000_2.207,Bernalillo
FL5373P_0.000_0.738,San Juan
FL5374P_0.000_0.620,San Juan
FL5375P_0.000_0.925,San Juan
FL5376P_0.000_0.659,San Juan
FL5377P_0.000_1.163,San Juan
FL5378P_0.000_1.652,San Juan
FL5379P_0.000_1.572,San Juan
FL5380P_0.000_0.763,San Juan
FL5381P_0.000_0.409,San Juan
FL5382P_0.000_0.389,San Juan
FL5383P_0.000_0.750,San Juan
FL5384P_0.000_0.495,San Juan
FL5385P_0.000_0.554,San Juan
FL5386P_0.000_0.890,San Juan
FL5387P_0.000_1.307,San Juan
FL5388P_0.000_0.653,San Juan
FL5389P_0.000_0.415,San Juan
FL5390P_0.000_0.979,San Juan
FL5391P_0.000_0.507,San Juan
FL5392P_0.000_1.481,San Juan
FL5393P_0.000_1.069,San Juan
FL5394P_0.000_0.259,San Juan
FL5395P_0.000_0.509,San Juan
FL5396P_0.000_1.886,San Juan
FL5397P_0.000_0.996,San Juan
FL5398P_0.000_0.704,San Juan
FL5399P_0.000_0.499,San Juan
FL5400P_0.000_0.276,McKinley
FL5401P_0.000_1.052,McKinley
FL5402P_0.000_0.606,McKinley
FL5403P_0.000_0.170,McKinley
FL5404P_0.000_0.161,McKinley
FL5405P_0.000_0.910,McKinley
FL5407P_0.000_1.059,McKinley
FL5411P_0.000_1.573,Luna
FL5413M_0.258_0.611,Luna
FL5413P_0.000_0.772,Luna
FL5417P_0.000_1.562,Luna
FL5419P_0.000_2.006,Luna
FL5420P_0.000_0.384,Luna
FL5424P_0.000_0.313,Luna
FL5425P_0.000_0.369,Luna
FL5426P_0.000_0.512,Luna
FL5428P_0.000_0.139,Luna
FL5429P_0.000_0.136,Luna
FL5430P_0.000_0.435,Luna
FL5431P_0.000_3.994,Luna
FL5432P_0.000_1.488,Luna
FL5450P_0.000_1.615,Hidalgo
FL5459P_0.000_0.302,McKinley
FL5464P_0.000_0.196,Curry
FL5465P_0.000_0.235,Curry
FL5466P_0.000_0.300,Curry
FL5467P_0.000_0.514,Curry
FL5468P_0.000_0.470,Curry
FL5469P_0.000_0.484,Curry
FL5471P_0.000_1.163,San Juan
FL5472P_0.000_0.330,San Juan
FL5473P_0.000_0.654,Curry
FL5474P_0.000_0.564,Curry
FL5475P_0.000_0.649,Curry
FL5476P_0.000_0.633,Curry
FL5477P_0.000_0.664,Curry
FL5478P_0.000_0.695,Curry
FL5479P_0.000_0.922,Curry
FL5481P_0.000_0.942,Curry
FL5482P_0.000_1.004,Curry
FL5483P_0.000_1.009,Curry
FL5485P_0.000_0.578,Curry
FL5486P_0.000_0.648,Lea
FL5487P_0.000_1.519,Lea
FL5489P_0.000_1.004,Lea
FL5491P_0.000_0.225,McKinley
FL5492P_0.000_0.525,Lea
FL5494P_0.000_0.356,McKinley
FL5495P_0.000_0.624,McKinley
FL5496P_0.000_0.887,McKinley
FL5497P_0.000_0.386,McKinley
FL5498P_0.000_1.030,Lea
FL5499P_0.000_0.265,McKinley
FL5500P_0.000_0.910,McKinley
FL5501P_0.000_0.240,San Miguel
FL5503P_0.000_1.130,McKinley
FL5504P_0.000_0.428,McKinley
FL5505P_0.000_3.058,Valencia
FL5506P_0.000_1.068,McKinley
FL5507P_0.000_0.466,McKinley
FL5508M_0.000_3.088,Doña Ana
FL5508P_0.000_3.090,Doña Ana
FL5512P_0.000_3.564,Doña Ana
FL5513P_0.000_1.208,Doña Ana
FL5515P_0.000_0.483,Doña Ana
FL5518P_0.000_0.526,Doña Ana
FL5519P_0.000_2.422,Doña Ana
FL5520P_0.000_1.380,Doña Ana
FL5524P_0.000_0.975,Doña Ana
FL5525P_0.000_0.450,Doña Ana
FL5527P_0.000_2.162,Doña Ana
FL5528P_0.000_0.833,Doña Ana
FL5531P_0.000_2.443,Doña Ana
FL5537M_1.217_1.528,Doña Ana
FL5537P_0.000_1.528,Doña Ana
FL5540P_0.000_2.407,Doña Ana
FL5541P_0.000_1.457,Doña Ana
FL5542P_0.000_1.023,Doña Ana
FL5544P_0.000_1.418,Doña Ana
FL5545P_0.000_2.039,Doña Ana
FL5546P_0.000_2.288,Doña Ana
FL5547P_0.000_1.695,Doña Ana
FL5549P_0.000_1.192,Doña Ana
FL5551P_0.000_0.862,Doña Ana
FL5554P_0.000_1.015,Doña Ana
FL5556P_0.000_0.846,Doña Ana
FL5557M_1.187_1.618,Doña Ana
FL5557M_1.839_2.198,Doña Ana
FL5557P_0.000_4.152,Doña Ana
FL5558M_0.000_3.618,Doña Ana
FL5558P_0.000_3.806,Doña Ana
FL5560P_0.000_0.911,Doña Ana
FL5562P_0.000_0.561,San Miguel
FL5564P_0.000_0.632,Doña Ana
FL5567P_0.000_0.848,Doña Ana
FL5569P_0.000_1.493,Doña Ana
FL5574P_0.000_1.513,Doña Ana
FL5581P_0.000_1.050,Doña Ana
FL5582P_0.000_0.769,Doña Ana
FL5585P_0.000_1.523,Doña Ana
FL5586P_0.000_0.466,Doña Ana
FL5588P_0.000_1.617,Doña Ana
FL5589P_0.000_0.560,Doña Ana
FL5590P_0.000_1.532,Doña Ana
FL5593M_0.000_1.590,Doña Ana
FL5593P_0.000_2.061,Doña Ana
FL5595P_0.000_1.159,Doña Ana
FL5598M_0.000_0.646,Doña Ana
FL5598P_0.000_0.646,Doña Ana
FL5599P_0.000_0.797,Doña Ana
FL5603P_0.000_1.302,Doña Ana
FL5606P_0.000_0.853,Doña Ana
FL5607P_0.000_4.405,Doña Ana
FL5608M_0.000_2.245,Doña Ana
FL5608P_0.000_2.245,Doña Ana
FL5609P_0.000_1.468,Doña Ana
FL5610P_0.000_4.878,Doña Ana
FL5613P_0.000_0.304,Doña Ana
FL5614M_0.000_4.208,Doña Ana
FL5614P_0.000_4.208,Doña Ana
FL5615P_0.000_0.832,Doña Ana
FL5616P_0.000_0.652,Doña Ana
FL5617P_0.000_0.207,McKinley
FL5618P_0.000_0.361,McKinley
FL5620P_0.000_0.480,Eddy
FL5621P_0.000_2.010,Eddy
FL5622P_0.000_0.819,Eddy
FL5623P_0.000_0.561,Eddy
FL5624P_0.000_0.370,Eddy
FL5625P_0.000_0.299,Eddy
FL5626P_0.000_2.114,Eddy
FL5627P_0.000_0.503,Eddy
FL5628P_0.000_0.990,Eddy
FL5629P_0.000_0.290,Eddy
FL5631P_0.000_0.421,McKinley
FL5632P_0.000_0.785,McKinley
FL5633P_0.000_0.435,McKinley
FL5634P_0.000_0.426,McKinley
FL5636P_0.000_0.250,McKinley
FL5637P_0.000_0.195,McKinley
FL5638P_0.000_0.638,McKinley
FL5639P_0.000_0.070,Roosevelt
FL5640P_0.000_3.924,Eddy
FL5641P_0.000_0.665,Eddy
FL5642P_0.000_1.006,Eddy
FL5643P_0.000_2.085,Eddy
FL5644P_0.000_1.403,Eddy
FL5645P_0.000_1.015,Eddy
FL5646P_0.000_0.360,Eddy
FL5647P_0.000_6.276,Eddy
FL5648P_0.000_0.420,McKinley
FL5649P_0.000_0.405,McKinley
FL5652P_0.000_0.969,Colfax
FL5653P_0.000_0.195,McKinley
FL5655P_0.000_0.460,Colfax
FL5656P_0.000_0.975,Colfax
FL5657P_0.000_0.720,McKinley
FL5658P_0.000_0.580,McKinley
FL5659P_0.000_0.221,McKinley
FL5661P_0.000_0.625,San Miguel
FL5662P_0.000_1.250,San Miguel
FL5663P_0.000_1.075,San Miguel
FL5668P_0.000_0.739,Colfax
FL5670P_0.000_0.623,Santa Fe
FL5671P_0.000_0.319,Santa Fe
FL5672P_0.000_0.694,Santa Fe
FL5674P_0.000_0.561,Santa Fe
FL5677M_1.826_2.525,Santa Fe
FL5677P_0.000_2.696,Santa Fe
FL5679P_0.000_0.394,Santa Fe
FL5680P_0.000_0.901,Santa Fe
FL5686P_0.000_1.121,Santa Fe
FL5688P_0.000_0.294,Santa Fe
FL5690P_0.000_0.529,McKinley
FL5691P_0.000_0.145,McKinley
FL5693P_0.000_0.868,McKinley
FL5694P_0.000_0.311,McKinley
FL5695P_0.000_0.201,McKinley
FL5696P_0.000_0.433,McKinley
FL5697P_0.000_0.170,McKinley
FL5698P_0.000_0.738,McKinley
FL5699P_0.000_0.455,McKinley
FL5700P_0.000_0.414,McKinley
FL5705P_0.000_2.695,Chaves
FL5706P_0.000_3.090,Chaves
FL5708P_0.000_0.305,McKinley
FL5709P_0.000_0.574,McKinley
FL5710P_0.000_2.049,Chaves
FL5711P_0.000_2.773,Chaves
FL5712P_0.000_2.269,Chaves
FL5713P_0.000_1.769,Chaves
FL5714P_0.000_2.200,Chaves
FL5715P_0.000_3.301,Chaves
FL5716P_0.000_2.525,Chaves
FL5717P_0.000_0.135,Chaves
FL5718P_0.000_0.249,Santa Fe
FL5720P_0.000_1.030,Chaves
FL5721M_0.000_0.461,Chaves
FL5721P_0.000_0.460,Chaves
FL5722P_0.000_5.074,Chaves
FL5723P_0.000_1.062,Chaves
FL5724P_0.000_3.507,Chaves
FL5725P_0.000_2.304,Chaves
FL5726P_0.000_0.726,Santa Fe
FL5727P_0.000_0.260,Santa Fe
FL5728P_0.000_0.845,Santa Fe
FL5729P_0.000_0.921,Santa Fe
FL5730P_0.000_1.161,Santa Fe
FL5732P_0.000_2.443,Santa Fe
FL5733M_0.000_2.094,Santa Fe
FL5733P_0.000_2.411,Santa Fe
FL5734P_0.000_0.846,Santa Fe
FL5735P_0.000_0.346,Santa Fe
FL5736P_0.000_0.328,Santa Fe
FL5737P_0.000_1.032,Santa Fe
FL5738M_0.000_0.479,Santa Fe
FL5738P_0.000_2.996,Santa Fe
FL5739P_0.000_0.245,Santa Fe
FL5740P_0.000_0.902,Santa Fe
FL5742P_0.000_2.092,Santa Fe
FL5743P_0.000_0.897,Santa Fe
FL5744P_0.000_0.965,Santa Fe
FL5745P_0.000_0.644,Santa Fe
FL5746P_0.000_1.404,Santa Fe
FL5749P_0.000_1.300,Santa Fe
FL5750P_0.000_0.602,Santa Fe
FL5751P_0.000_2.052,Santa Fe
FL5755P_0.000_0.608,Santa Fe
FL5756P_0.000_0.736,Santa Fe
FL5757P_0.000_0.861,Santa Fe
FL5758P_0.000_1.373,Santa Fe
FL5759P_0.000_1.140,Santa Fe
FL5760P_0.000_0.384,Santa Fe
FL5761P_0.000_0.762,Santa Fe
FL5762P_0.000_0.580,Santa Fe
FL5763M_0.809_1.177,Santa Fe
FL5763P_0.000_3.077,Santa Fe
FL5764P_0.000_1.164,Santa Fe
FL5765P_0.000_1.837,Santa Fe
FL5766P_0.000_1.400,Santa Fe
FL5768P_0.000_0.525,Santa Fe
FL5770P_0.000_1.056,Santa Fe
FL5775P_0.000_0.505,Santa Fe
FL5778P_0.000_1.099,Santa Fe
FL5785P_0.000_0.176,Santa Fe
FL5786P_0.000_0.465,Santa Fe
FL5788P_0.000_0.331,Santa Fe
FL5802M_0.000_1.419,Santa Fe
FL5802P_0.000_2.449,Santa Fe
FL5803P_0.000_0.482,Santa Fe
FL5804M_0.000_3.040,Santa Fe
FL5804P_0.000_3.042,Santa Fe
FL5805P_0.000_1.781,Santa Fe
FL5807M_0.000_0.294,Santa Fe
FL5807P_0.000_0.294,Santa Fe
FL5811P_0.000_3.455,Bernalillo
FL5815P_0.000_1.730,Chaves
FL5816P_0.000_0.857,Chaves
FL5817P_0.000_2.210,Chaves
FL5818P_0.000_6.142,Chaves
FL5820M_0.000_0.399,Chaves
FL5820P_0.000_0.465,Chaves
FL5823P_0.000_0.948,McKinley
FL5824P_0.000_0.340,McKinley
FL5825P_0.000_0.479,McKinley
FL5826P_0.000_0.345,McKinley
FL5827P_0.000_0.485,McKinley
FL5828P_0.000_0.314,McKinley
FL5829P_0.000_0.460,McKinley
FL5830P_0.000_0.594,McKinley
FL5831P_0.000_0.130,McKinley
FL5832P_0.000_0.325,McKinley
FL5833P_0.000_0.145,Grant
FL5834P_0.000_0.180,Grant
FL5835P_0.000_1.852,Grant
FL5838P_0.000_1.186,Valencia
FL5839M_0.946_1.039,Valencia
FL5839P_0.000_1.039,Valencia
FL5840P_0.000_0.209,Grant
FL5841P_0.000_1.394,Valencia
FL5842P_0.000_2.441,Grant
FL5843P_0.000_2.002,Luna
FL5844P_0.000_0.353,Grant
FL5845P_0.000_0.999,Grant
FL5846P_0.000_2.052,Grant
FL5848P_0.000_0.781,Grant
FL5849P_0.000_2.084,Grant
FL5850P_0.000_1.036,Grant
FL5851P_0.000_0.720,Grant
FL5852P_0.000_0.616,Grant
FL5854P_0.000_1.060,Grant
FL5855P_0.000_1.455,Grant
FL5856P_0.000_0.999,Otero
FL5857P_0.000_0.396,Otero
FL5858P_0.000_1.357,Otero
FL5859M_0.241_0.535,Otero
FL5859P_0.000_0.535,Otero
FL5861P_0.000_0.875,Socorro
FL5862P_0.000_2.822,Socorro
FL5863P_0.000_1.339,Socorro
FL5864P_0.000_1.109,Otero
FL5865P_0.000_1.224,Otero
FL5866P_0.000_0.932,Otero
FL5867P_0.000_1.420,Otero
FL5868P_0.000_0.916,Otero
FL5869P_0.000_0.650,Otero
FL5871P_0.000_0.894,Luna
FL5872P_0.000_2.778,Doña Ana
FL5873P_0.000_0.661,Doña Ana
FL5874P_0.000_1.665,Doña Ana
FL5875P_0.000_1.263,San Juan
FL5876P_0.000_0.500,San Juan
FL5877P_0.000_0.755,San Juan
FL5878P_0.000_0.510,San Juan
FL5880P_0.000_0.459,Los Alamos
FL5881P_0.000_0.197,Los Alamos
FL5882P_0.000_0.144,Los Alamos
FL5883P_0.000_0.449,Los Alamos
FL5884P_0.000_1.188,Los Alamos
FL5885P_0.000_1.251,Los Alamos
FL5886P_0.000_1.948,Los Alamos
FL5887P_0.000_0.937,Los Alamos
FL5888M_0.308_0.771,Los Alamos
FL5888P_0.000_2.154,Los Alamos
FL5889P_0.000_0.976,Los Alamos
FL5890P_0.000_1.952,Los Alamos
FL5891P_0.000_0.543,Los Alamos
FL5892P_0.000_0.563,Los Alamos
FL5893P_0.000_0.592,Los Alamos
FL5894P_0.000_0.387,Los Alamos
FL5895P_0.000_0.326,Los Alamos
FL5896P_0.000_0.245,Los Alamos
FL5897P_0.000_0.160,Los Alamos
FL5905P_0.000_1.354,Los Alamos
FL5906P_0.000_1.757,Los Alamos
FL5907P_0.000_0.851,Los Alamos
FL5908P_0.000_2.003,Los Alamos
FL5909P_0.000_2.037,Curry
FL5910P_0.000_1.571,Otero
FL5912P_0.000_0.954,Otero
FL5924P_0.000_1.670,Santa Fe
FL5925P_0.000_2.683,Cibola
FL5928P_0.000_0.717,Santa Fe
FL5929P_0.000_1.430,Curry
FL5930P_0.000_1.834,San Juan
FL5931P_0.000_0.136,Bernalillo
FL5932P_0.000_1.118,Bernalillo
FL5933M_0.000_0.140,Santa Fe
FL5933P_0.000_0.762,Santa Fe
FL5934M_0.358_0.445,Bernalillo
FL5934P_0.000_0.445,Bernalillo
FL5935M_1.444_2.701,Bernalillo
FL5935M_4.442_5.051,Bernalillo
FL5935P_0.000_5.051,Bernalillo
FL5937M_0.307_0.999,Bernalillo
FL5937P_0.000_0.999,Bernalillo
FL5938M_0.000_0.152,Bernalillo
FL5938P_0.000_0.162,Bernalillo
FL5939P_0.000_2.229,Bernalillo
FL5940P_0.000_0.179,Bernalillo
FL5941P_0.000_1.200,Bernalillo
FL5942P_0.000_0.416,Bernalillo
FL5943P_0.000_1.201,Bernalillo
FL5944P_0.000_0.900,Bernalillo
FL5945P_0.000_3.231,San Juan
FL5952P_0.000_0.806,Cibola
FL5953P_0.000_1.245,Cibola
FL5956P_0.000_1.890,Cibola
FL5960P_0.000_0.860,Lincoln
FL5961P_0.000_1.041,Lincoln
FL5962P_0.000_2.007,Lincoln
FL5963P_0.000_3.223,Lincoln
FL5964P_0.000_1.550,Lincoln
FL5965P_0.000_0.956,Lincoln
FL5966P_0.000_1.230,Lincoln
FL5967P_0.000_2.356,Lincoln
FL5968P_0.000_0.349,Lincoln
FL5969P_0.000_0.180,Lincoln
FL5970P_0.000_1.048,Lincoln
FL5972P_0.000_2.564,Lincoln
FL5973P_0.000_0.730,Lincoln
FL5974P_0.000_0.389,Lincoln
FL5975P_0.000_1.893,Lincoln
FL5976P_0.000_0.522,Lincoln
FL5978P_0.000_0.110,Lincoln
FL5979P_0.000_0.415,Lincoln
FL5980P_0.000_0.908,Lincoln
FL5985P_0.000_1.476,Taos
FL5986P_0.000_2.880,Taos
FL5987P_0.000_2.230,Taos
FL5988P_0.000_1.247,Taos
FL5989P_0.000_0.185,Taos
FL5990P_0.000_2.238,Taos
FL6002P_0.000_0.890,Taos
FL6003P_0.000_0.287,Taos
FL6005P_0.000_0.783,Taos
FL6008P_0.000_0.120,Taos
FL6009P_0.000_0.170,Taos
FL6010P_0.000_0.797,Taos
FL6011P_0.000_0.590,Bernalillo
FL6012M_0.000_0.706,Bernalillo
FL6012P_0.000_0.709,Bernalillo
FL6013M_0.411_0.948,Bernalillo
FL6013P_0.000_0.948,Bernalillo
FL6023P_0.000_0.979,Bernalillo
FL6041P_0.000_0.813,Sandoval
FL6042P_0.000_1.193,Sandoval
FL6043P_0.000_0.128,Sandoval
FL6044P_0.000_0.178,Sandoval
FL6045P_0.000_0.237,Sandoval
FL6046P_0.000_1.220,Sandoval
FL6051P_0.000_0.285,Chaves
FL6060P_0.000_0.721,Sandoval
FL6061P_0.000_1.059,Sandoval
FL6100P_0.000_0.637,Union
FL6105P_0.000_0.877,Union
FL6107P_0.000_0.466,Union
FL6151M_0.018_0.948,Sandoval
FL6151P_0.000_0.948,Sandoval
FL6152P_0.000_2.357,Sandoval
FL6154M_0.000_1.075,Sandoval
FL6154P_0.000_1.525,Sandoval
FL6155M_0.000_2.940,Sandoval
FL6155P_0.000_2.940,Sandoval
FL6157P_0.000_7.426,Sandoval
FL6158P_0.000_2.199,Sandoval
FL6159P_0.000_2.276,Sandoval
FL6160P_0.000_3.854,Sandoval
FL6162P_0.000_0.525,Sandoval
FL6163P_0.000_0.595,Sandoval
FL6164P_0.000_0.915,Sandoval
FL6165P_0.000_0.902,Sandoval
FL6166M_0.000_0.373,Sandoval
FL6166P_0.000_0.876,Sandoval
FL6167P_0.000_0.859,Sandoval
FL6168P_0.000_0.979,Sandoval
FL6169P_0.000_2.330,Sandoval
FL6200P_0.000_0.859,Sierra
FL6201P_0.000_0.527,Sierra
FL6202P_0.000_1.312,Sierra
FL6204P_0.000_0.120,Sierra
FL6241P_0.000_1.355,Doña Ana
FL6242P_0.000_1.289,Doña Ana
FL6243P_0.000_1.130,Doña Ana
FL6250P_0.000_2.263,Doña Ana
FL6251M_0.017_1.661,Doña Ana
FL6251P_0.000_1.661,Doña Ana
FL6301P_0.000_1.112,Doña Ana
FL6303P_0.000_0.229,Doña Ana
FL6306P_0.000_0.707,Socorro
FL6307P_0.000_0.509,Grant
FL6318P_0.000_1.431,Chaves
FL6400P_0.000_0.232,Grant
FL6401P_0.000_0.443,Grant
FL6403P_0.000_0.827,Grant
FL6404P_0.000_0.534,Grant
FL6410P_0.000_0.582,Grant
FL6412P_0.000_1.301,Grant
FL6530P_0.000_1.487,San Juan
FL6600P_0.000_1.834,Bernalillo
FL6602P_0.000_0.270,Bernalillo
FL6604M_0.784_3.085,Bernalillo
FL6604P_0.000_3.080,Bernalillo
FL6605M_0.000_0.241,Bernalillo
FL6605P_0.000_1.230,Bernalillo
FL6606P_0.000_0.421,Bernalillo
FL6608M_0.000_0.056,Bernalillo
FL6608P_0.000_0.494,Bernalillo
FL6609P_0.000_0.255,Bernalillo
FL6610P_0.000_0.434,Bernalillo
FL6611P_0.000_2.473,Bernalillo
FL6613P_0.000_0.284,Bernalillo
FL7000P_0.000_0.896,Colfax
FL7030P_0.000_1.325,Lincoln
FL7031P_0.000_2.731,Lincoln
FL7032P_0.000_0.606,Lincoln
FL7150P_0.000_0.196,Union
I10M_0.000_34.287,Hidalgo
I10M_34.287_54.498,Grant
I10M_54.498_110.138,Luna
I10M_110.138_164.376,Doña Ana
I10P_0.000_34.290,Hidalgo
I10P_34.290_54.506,Grant
I10P_54.506_110.153,Luna
I10P_110.153_164.376,Doña Ana
I25M_0.000_51.833,Doña Ana
I25M_51.833_103.916,Sierra
I25M_103.916_185.313,Socorro
I25M_185.313_208.617,Valencia
I25M_208.617_236.166,Bernalillo
I25M_236.166_264.336,Sandoval
I25M_264.336_304.048,Santa Fe
I25M_304.048_365.212,San Miguel
I25M_365.212_403.800,Mora
I25M_403.800_461.738,Colfax
I25P_0.000_51.818,Doña Ana
I25P_51.818_103.913,Sierra
I25P_103.913_185.277,Socorro
I25P_185.277_208.606,Valencia
I25P_208.606_236.159,Bernalillo
I25P_236.159_264.298,Sandoval
I25P_264.298_304.110,Santa Fe
I25P_304.110_365.251,San Miguel
I25P_365.251_403.843,Mora
I25P_403.843_461.737,Colfax
I40M_0.000_69.088,McKinley
I40M_69.088_132.010,Cibola
I40M_132.010_183.855,Bernalillo
I40M_183.855_190.914,Santa Fe
I40M_190.914_239.347,Torrance
I40M_239.347_308.124,Guadalupe
I40M_308.124_373.309,Quay
I40P_0.000_69.079,McKinley
I40P_69.079_132.021,Cibola
I40P_132.021_183.877,Bernalillo
I40P_183.877_190.879,Santa Fe
I40P_190.879_239.387,Torrance
I40P_239.387_308.167,Guadalupe
I40P_308.167_373.309,Quay
NM101M_1.233_1.399,Doña Ana
NM101P_0.000_1.399,Doña Ana
NM102P_0.000_36.705,Harding
NM102P_36.705_46.291,Union
NM103P_0.000_3.958,Catron
NM104M_0.000_0.693,San Miguel
NM104M_106.205_106.843,Quay
NM104P_0.000_100.602,San Miguel
NM104P_100.602_106.843,Quay
NM105P_0.000_6.324,San Miguel
NM105P_6.324_8.958,Mora
NM106M_0.000_0.309,Santa Fe
NM106P_0.000_0.835,Santa Fe
NM107P_0.000_41.281,Socorro
NM108P_0.000_23.392,Curry
NM109P_0.000_7.749,Valencia
NM110P_0.000_3.795,Rio Arriba
NM1113P_0.000_5.424,Hidalgo
NM111P_0.000_0.296,Taos
NM111P_0.296_19.489,Rio Arriba
NM112P_0.000_44.634,Rio Arriba
NM113P_0.000_20.480,Hidalgo
NM113P_20.480_20.641,Grant
NM114P_0.000_47.050,Roosevelt
NM115P_0.000_3.448,Rio Arriba
NM116P_0.000_8.880,Socorro
NM116P_8.880_15.724,Valencia
NM117P_0.000_62.069,Cibola
NM118M_16.433_26.037,McKinley
NM118P_0.000_36.847,McKinley
NM119P_0.000_5.067,Guadalupe
NM11P_0.000_34.148,Luna
NM120P_0.000_9.065,Colfax
NM120P_9.065_64.647,Mora
NM120P_64.647_106.998,Harding
NM120P_106.998_118.818,Union
NM121P_0.000_8.525,Mora
NM122M_23.410_38.783,Cibola
NM122P_0.000_22.056,McKinley
NM122P_22.056_38.783,Cibola
NM124M_23.429_25.408,Cibola
NM124P_0.000_25.724,Cibola
NM125P_0.000_25.424,Lea
NM126P_0.000_9.925,Sandoval
NM126P_9.925_10.452,Rio Arriba
NM126P_10.452_38.305,Sandoval
NM127P_0.000_3.016,Colfax
NM128P_0.000_19.213,Eddy
NM128P_19.213_60.188,Lea
NM129P_0.000_11.147,Guadalupe
NM129P_11.147_17.404,San Miguel
NM12P_0.000_74.225,Catron
NM130P_0.000_21.740,Otero
NM131P_0.000_2.403,Torrance
NM132M_0.000_1.136,Lea
NM132P_0.000_19.972,Lea
NM133P_0.000_3.639,Lea
NM134P_0.000_21.927,San Juan
NM134P_21.927_22.375,McKinley
NM136M_0.000_9.170,Doña Ana
NM136P_0.000_9.170,Doña Ana
NM137P_0.000_54.963,Eddy
NM138P_0.000_0.665,Doña Ana
NM13P_0.000_35.945,Chaves
NM140P_0.000_2.818,Doña Ana
NM142P_0.000_13.523,Sierra
NM143P_0.000_6.159,Luna
NM144P_0.000_0.330,San Miguel
NM145P_0.000_3.471,Hidalgo
NM146P_0.000_19.167,Grant
NM147P_0.000_1.098,Bernalillo
NM14M_0.040_0.166,Bernalillo
NM14M_5.711_6.053,Bernalillo
NM14M_38.125_38.484,Santa Fe
NM14M_44.594_47.256,Santa Fe
NM14M_52.021_53.704,Santa Fe
NM14P_0.000_10.495,Bernalillo
NM14P_10.495_14.353,Sandoval
NM14P_14.353_47.253,Santa Fe
NM14P_52.021_53.704,Santa Fe
NM150P_0.000_14.520,Taos
NM152P_0.000_31.811,Grant
NM152P_31.811_65.718,Sierra
NM153P_0.000_3.842,Grant
NM154P_0.000_4.199,Doña Ana
NM156P_0.000_31.110,Guadalupe
NM156P_31.110_60.067,Quay
NM157P_0.000_1.741,Doña Ana
NM158P_0.000_0.913,Doña Ana
NM159P_0.000_26.162,Catron
NM15P_0.000_39.324,Grant
NM15P_39.324_43.723,Catron
NM161P_0.000_31.119,Mora
NM162P_0.000_2.577,Rio Arriba
NM163P_0.000_0.919,Socorro
NM163P_0.919_39.663,Catron
NM165M_0.000_0.393,Sandoval
NM165P_0.000_15.643,Sandoval
NM165P_15.643_16.432,Bernalillo
NM166P_0.000_1.657,Socorro
NM169P_0.000_36.267,Socorro
NM16P_0.000_6.354,Sandoval
NM16P_6.354_10.081,Santa Fe
NM16P_10.081_10.489,Sandoval
NM170P_0.000_19.490,San Juan
NM172P_0.000_28.174,Chaves
NM173P_0.000_18.147,San Juan
NM174P_0.000_4.833,Catron
NM175P_0.000_1.536,Lea
NM176M_34.008_34.933,Lea
NM176P_0.000_41.004,Lea
NM177P_0.000_0.826,Sierra
NM179P_0.000_2.062,Sierra
NM17P_0.000_9.583,Rio Arriba
NM181M_0.000_0.214,Sierra
NM181P_0.000_11.857,Sierra
NM182P_0.000_1.396,Doña Ana
NM183P_0.000_1.248,Doña Ana
NM184P_0.000_0.555,Doña Ana
NM185M_0.000_0.996,Doña Ana
NM185P_0.000_35.430,Doña Ana
NM186P_0.000_1.233,Doña Ana
NM187P_0.000_10.971,Doña Ana
NM187P_10.971_36.304,Sierra
NM188M_0.000_2.922,Doña Ana
NM188P_0.000_2.930,Doña Ana
NM189P_0.000_1.164,Doña Ana
NM18M_7.629_52.955,Lea
NM18P_0.000_72.044,Lea
NM190P_0.000_2.101,Chaves
NM192P_0.000_2.368,Doña Ana
NM193P_0.000_41.869,Colfax
NM195P_0.000_5.029,Sierra
NM196P_0.000_12.042,Taos
NM197P_0.000_30.714,Sandoval
NM198P_0.000_2.661,Luna
NM19P_0.000_10.258,Curry
NM1P_0.000_10.901,Sierra
NM1P_10.901_61.350,Socorro
NM200M_0.000_8.426,Eddy
NM200P_0.000_8.429,Eddy
NM202P_0.000_12.399,Roosevelt
NM203P_0.000_10.428,De Baca
NM204P_0.000_10.894,Colfax
NM205P_0.000_4.173,Lea
NM206M_0.000_1.079,Lea
NM206M_18.112_19.816,Lea
NM206M_82.662_83.688,Roosevelt
NM206P_0.000_41.151,Lea
NM206P_41.151_83.644,Roosevelt
NM207P_0.000_6.101,Lea
NM208M_0.000_3.491,Lea
NM208P_0.000_3.491,Lea
NM209M_0.000_1.259,Curry
NM209M_81.343_82.984,Quay
NM209P_0.000_38.016,Curry
NM209P_38.016_82.984,Quay
NM20P_0.000_5.808,Chaves
NM20P_5.808_45.738,De Baca
NM210P_0.000_4.001,Quay
NM211P_0.000_6.395,Grant
NM212P_0.000_4.105,De Baca
NM213M_2.546_2.699,Doña Ana
NM213P_0.000_6.108,Doña Ana
NM215P_0.000_3.042,Rio Arriba
NM216P_0.000_6.470,Eddy
NM217P_0.000_10.566,Bernalillo
NM218P_0.000_1.709,Lea
NM219P_0.000_15.209,Guadalupe
NM21M_34.053_34.212,Colfax
NM21P_0.000_34.212,Colfax
NM220P_0.000_15.999,Lincoln
NM221P_0.000_4.638,Rio Arriba
NM223P_0.000_2.194,San Miguel
NM224P_0.000_15.718,Curry
NM225P_0.000_2.152,Doña Ana
NM226P_0.000_2.517,Doña Ana
NM227M_1.762_1.848,Doña Ana
NM227M_1.918_2.014,Doña Ana
NM227P_0.000_2.014,Doña Ana
NM228P_0.000_1.813,Doña Ana
NM229P_0.000_10.262,Eddy
NM22P_0.000_13.934,Sandoval
NM230P_0.000_4.804,Taos
NM231P_0.000_4.996,Quay
NM233P_0.000_0.851,Rio Arriba
NM235P_0.000_17.879,Roosevelt
NM236P_0.000_20.797,Roosevelt
NM237P_0.000_2.400,Quay
NM238P_0.000_19.308,Lea
NM240P_0.000_6.170,Taos
NM241P_0.000_9.847,Curry
NM243P_0.000_2.548,Eddy
NM243P_2.548_8.207,Lea
NM244P_0.000_29.182,Otero
NM245P_0.000_7.037,Curry
NM246P_0.000_54.145,Lincoln
NM246P_54.145_80.117,Chaves
NM247P_0.000_44.774,Lincoln
NM247P_44.774_48.360,De Baca
NM248P_0.000_6.337,Lea
NM249P_0.000_36.472,Chaves
NM249P_36.472_44.068,Lea
NM24P_0.000_25.896,Otero
NM24P_25.896_49.801,Chaves
NM250P_0.000_4.144,San Miguel
NM252P_0.000_12.132,De Baca
NM252P_12.132_43.039,Quay
NM253P_0.000_3.812,Chaves
NM254P_0.000_4.330,Chaves
NM255P_0.000_3.113,Chaves
NM256P_0.000_8.321,Chaves
NM258P_0.000_8.965,Roosevelt
NM261P_0.000_4.567,Chaves
NM262P_0.000_17.560,Roosevelt
NM263P_0.000_5.739,Valencia
NM264M_0.000_16.178,McKinley
NM264P_0.000_16.452,McKinley
NM266P_0.000_6.569,San Miguel
NM267P_0.000_23.842,Roosevelt
NM267P_23.842_32.156,Curry
NM268P_0.000_18.667,Curry
NM268P_18.667_27.690,Quay
NM26P_0.000_36.244,Luna
NM26P_36.244_37.168,Sierra
NM26P_37.168_47.902,Doña Ana
NM271P_0.000_24.139,Mora
NM272P_0.000_9.311,De Baca
NM273M_6.381_6.685,Doña Ana
NM273M_9.007_9.322,Doña Ana
NM273P_0.000_14.004,Doña Ana
NM275P_0.000_11.088,Curry
NM275P_11.088_15.104,Quay
NM276P_0.000_4.784,San Miguel
NM278P_0.000_33.418,Quay
NM279P_0.000_13.867,Cibola
NM27P_0.000_3.699,Luna
NM27P_3.699_29.726,Sierra
NM281P_0.000_6.691,San Miguel
NM282P_0.000_1.056,San Juan
NM283P_0.000_13.841,San Miguel
NM286P_0.000_0.565,Quay
NM288P_0.000_27.468,Curry
NM289P_0.000_1.834,Curry
NM28M_28.082_28.691,Doña Ana
NM28M_29.380_30.369,Doña Ana
NM28P_0.000_30.369,Doña Ana
NM290P_0.000_6.868,Sandoval
NM291P_0.000_1.011,Santa Fe
NM291P_1.011_3.626,Rio Arriba
NM292M_1.041_1.386,Doña Ana
NM292P_0.000_1.386,Doña Ana
NM293P_0.000_4.911,Grant
NM294P_0.000_15.760,De Baca
NM29P_0.000_1.068,Rio Arriba
NM2P_0.000_6.066,Eddy
NM2P_6.066_32.848,Chaves
NM300M_0.000_0.232,Santa Fe
NM300P_0.000_6.379,Santa Fe
NM302P_0.000_10.445,San Juan
NM304P_0.000_14.487,Socorro
NM304P_14.487_23.137,Valencia
NM305P_0.000_0.504,Rio Arriba
NM309M_0.399_0.798,Valencia
NM309M_2.213_2.431,Valencia
NM309P_0.000_2.431,Valencia
NM30M_0.000_0.214,Santa Fe
NM30M_4.775_5.090,Rio Arriba
NM30M_8.347_8.551,Rio Arriba
NM30P_0.000_3.836,Santa Fe
NM30P_3.836_8.551,Rio Arriba
NM311P_0.000_22.852,Curry
NM312P_0.000_6.084,Quay
NM312P_6.084_8.075,Curry
NM313M_0.000_0.132,Bernalillo
NM313M_8.161_8.297,Sandoval
NM313P_0.000_0.721,Bernalillo
NM313P_0.721_17.387,Sandoval
NM314M_0.000_7.109,Valencia
NM314M_18.375_18.563,Bernalillo
NM314P_0.000_12.564,Valencia
NM314P_12.564_18.563,Bernalillo
NM315P_0.000_0.490,Sandoval
NM317P_0.000_1.261,Bernalillo
NM31P_0.000_22.620,Eddy
NM320P_0.000_2.099,Doña Ana
NM321P_0.000_4.604,Roosevelt
NM322P_0.000_3.149,Lea
NM325P_0.000_16.662,Union
NM327P_0.000_0.572,Bernalillo
NM329P_0.000_1.880,San Miguel
NM32P_0.000_41.322,Catron
NM330P_0.000_20.361,Roosevelt
NM333M_0.000_0.304,Bernalillo
NM333M_1.851_4.241,Bernalillo
NM333P_0.000_16.430,Bernalillo
NM333P_16.430_23.004,Santa Fe
NM333P_23.004_27.728,Torrance
NM337P_0.000_8.370,Torrance
NM337P_8.370_29.229,Bernalillo
NM338P_0.000_24.297,Hidalgo
NM341P_0.000_3.320,Rio Arriba
NM344P_0.000_17.483,Santa Fe
NM346P_0.000_2.685,Valencia
NM347M_0.000_7.142,Sandoval
NM347P_0.000_7.142,Sandoval
NM348P_0.000_6.103,Curry
NM348P_6.103_7.002,Roosevelt
NM349P_0.000_8.505,Lincoln
NM34P_0.000_15.333,San Miguel
NM355P_0.000_1.057,Eddy
NM356P_0.000_4.952,Grant
NM357P_0.000_4.009,Eddy
NM359P_0.000_2.016,Doña Ana
NM35P_0.000_27.466,Grant
NM360P_0.000_25.021,Eddy
NM368P_0.000_17.510,Lincoln
NM369P_0.000_2.308,Rio Arriba
NM36P_0.000_19.675,Catron
NM36P_19.675_61.081,Cibola
NM36P_61.081_72.200,McKinley
NM370P_0.000_47.508,Union
NM371P_0.000_47.802,McKinley
NM371P_47.802_106.701,San Juan
NM372P_0.000_2.572,Doña Ana
NM373P_0.000_1.542,Doña Ana
NM374P_0.000_1.255,Doña Ana
NM377P_0.000_1.875,Luna
NM378P_0.000_3.436,Taos
NM37P_0.000_14.149,Lincoln
NM386P_0.000_4.825,San Miguel
NM386P_4.825_8.900,Guadalupe
NM38P_0.000_16.692,Taos
NM38P_16.692_29.254,Colfax
NM390P_0.000_4.281,Doña Ana
NM392P_0.000_15.808,Quay
NM395P_0.000_0.490,Lincoln
NM399M_0.000_0.301,Santa Fe
NM399P_0.000_0.623,Santa Fe
NM399P_0.623_3.200,Rio Arriba
NM39P_0.000_1.397,Quay
NM39P_1.397_51.019,Harding
NM39P_51.019_51.470,San Miguel
NM39P_51.470_87.300,Harding
NM39P_87.300_93.338,Colfax
NM3P_0.000_43.000,Torrance
NM3P_43.000_72.377,San Miguel
NM400P_0.000_10.663,McKinley
NM402P_0.000_9.611,Quay
NM402P_9.611_62.864,Union
NM404P_0.000_8.939,Doña Ana
NM406P_0.000_35.212,Union
NM408P_0.000_6.030,Socorro
NM409P_0.000_10.948,Chaves
NM410P_0.000_1.936,Union
NM411P_0.000_3.963,Union
NM412P_0.000_6.126,McKinley
NM412P_6.126_6.158,Cibola
NM414P_0.000_0.397,Taos
NM417P_0.000_4.858,Union
NM418P_0.000_14.050,Luna
NM419P_0.000_40.028,San Miguel
NM419P_40.028_47.342,Harding
NM41P_0.000_30.562,Torrance
NM41P_30.562_61.978,Santa Fe
NM420P_0.000_17.574,Harding
NM420P_17.574_30.465,Union
NM421P_0.000_8.103,Union
NM423M_0.000_10.986,Bernalillo
NM423P_0.000_10.986,Bernalillo
NM427P_0.000_3.888,Luna
NM42P_0.000_0.688,Lincoln
NM42P_0.688_35.536,Torrance
NM432P_0.000_1.366,San Miguel
NM433P_0.000_2.859,San Miguel
NM434P_0.000_23.309,Mora
NM434P_23.309_36.632,Colfax
NM435P_0.000_5.892,Catron
NM436P_0.000_2.996,Doña Ana
NM436P_2.996_3.526,Sierra
NM438P_0.000_3.529,Eddy
NM438P_3.529_10.013,Chaves
NM442P_0.000_21.353,Mora
NM445P_0.000_12.189,Colfax
NM446P_0.000_0.265,Mora
NM448M_0.000_1.275,Bernalillo
NM448P_0.000_1.284,Bernalillo
NM448P_1.284_7.656,Sandoval
NM450P_0.000_0.470,Mora
NM451P_0.000_0.926,Guadalupe
NM451P_0.926_3.081,San Miguel
NM453P_0.000_21.006,Union
NM455P_0.000_1.469,Union
NM456P_0.000_58.892,Union
NM457P_0.000_31.849,Lea
NM458P_0.000_12.052,Roosevelt
NM45M_8.109_23.085,Bernalillo
NM45P_0.000_22.904,Bernalillo
NM460M_0.000_0.172,Doña Ana
NM460M_0.198_0.279,Doña Ana
NM460M_1.574_1.849,Doña Ana
NM460P_0.000_3.657,Doña Ana
NM461P_0.000_0.512,Lincoln
NM462P_0.000_2.703,Lincoln
NM464P_0.000_14.306,Hidalgo
NM464P_14.306_21.808,Grant
NM466M_0.000_0.437,Santa Fe
NM466P_0.000_0.440,Santa Fe
NM467P_0.000_6.949,Roosevelt
NM467P_6.949_16.788,Curry
NM468P_0.000_2.140,Colfax
NM469P_0.000_3.007,Curry
NM469P_3.007_43.345,Quay
NM472P_0.000_11.974,Santa Fe
NM473P_0.000_0.555,Sandoval
NM475M_0.000_1.062,Santa Fe
NM475P_0.000_15.887,Santa Fe
NM478M_0.000_0.086,Doña Ana
NM478P_0.000_20.984,Doña Ana
NM47M_18.070_19.193,Valencia
NM47M_28.402_29.661,Valencia
NM47M_30.190_30.571,Valencia
NM47M_39.294_41.980,Bernalillo
NM47M_45.861_46.286,Bernalillo
NM47M_47.610_50.499,Bernalillo
NM47M_52.451_55.598,Bernalillo
NM47M_56.956_57.412,Bernalillo
NM47P_0.000_3.388,Socorro
NM47P_3.388_37.524,Valencia
NM47P_37.524_59.529,Bernalillo
NM480P_0.000_13.059,Roosevelt
NM483P_0.000_16.247,Lea
NM484P_0.000_0.933,San Miguel
NM485P_0.000_3.839,Sandoval
NM48P_0.000_22.133,Lincoln
NM494P_0.000_1.950,Hidalgo
NM498P_0.000_0.898,Doña Ana
NM4M_62.970_63.963,Los Alamos
NM4M_63.963_63.981,Santa Fe
NM4M_67.452_67.804,Santa Fe
NM4P_0.000_46.734,Sandoval
NM4P_46.734_64.043,Los Alamos
NM4P_64.043_67.809,Santa Fe
NM5001M_0.000_3.207,San Juan
NM5001P_0.000_3.204,San Juan
NM500M_0.000_11.834,Bernalillo
NM500P_0.000_11.822,Bernalillo
NM501M_4.968_5.227,Los Alamos
NM501P_0.000_5.513,Los Alamos
NM502M_0.000_4.150,Los Alamos
NM502M_4.150_18.220,Santa Fe
NM502P_0.000_4.146,Los Alamos
NM502P_4.146_18.202,Santa Fe
NM503P_0.000_14.341,Santa Fe
NM503P_14.341_14.545,Rio Arriba
NM505P_0.000_12.003,Colfax
NM506P_0.000_31.862,Otero
NM508P_0.000_17.222,Lea
NM509P_0.000_35.554,McKinley
NM50P_0.000_3.419,Santa Fe
NM50P_3.419_5.991,San Miguel
NM511P_0.000_12.925,San Juan
NM511P_12.925_13.229,Rio Arriba
NM511P_13.229_32.205,San Juan
NM512P_0.000_7.418,Rio Arriba
NM513P_0.000_0.709,Torrance
NM514P_0.000_1.478,Rio Arriba
NM515P_0.000_1.868,Taos
NM516M_0.000_13.792,San Juan
NM516P_0.000_13.799,San Juan
NM518P_0.000_16.704,San Miguel
NM518P_16.704_42.668,Mora
NM518P_42.668_72.824,Taos
NM519P_0.000_14.974,Rio Arriba
NM51P_0.000_15.959,Sierra
NM522P_0.000_41.007,Taos
NM523P_0.000_6.255,Curry
NM524P_0.000_8.488,Eddy
NM525P_0.000_3.904,Socorro
NM526P_0.000_6.258,Colfax
NM527P_0.000_16.891,Rio Arriba
NM528M_0.000_3.804,Bernalillo
NM528M_3.804_13.380,Sandoval
NM528P_0.000_3.774,Bernalillo
NM528P_3.774_13.380,Sandoval
NM529P_0.000_3.882,Eddy
NM529P_3.882_31.153,Lea
NM52P_0.000_38.198,Sierra
NM52P_38.198_87.905,Socorro
NM531P_0.000_3.174,Rio Arriba
NM532P_0.000_11.998,Lincoln
NM533P_0.000_0.792,Hidalgo
NM536P_0.000_8.726,Bernalillo
NM536P_8.726_8.773,Sandoval
NM536P_8.773_13.372,Bernalillo
NM537P_0.000_4.967,Sandoval
NM537P_4.967_55.579,Rio Arriba
NM538P_0.000_1.512,Union
NM539P_0.000_1.861,Rio Arriba
NM539P_1.861_4.802,San Juan
NM539P_4.802_5.220,Rio Arriba
NM539P_5.220_5.776,San Juan
NM53M_85.511_86.021,Cibola
NM53P_0.000_35.597,McKinley
NM53P_35.597_86.021,Cibola
NM540P_0.000_9.355,Quay
NM542P_0.000_15.062,Torrance
NM546P_0.000_0.722,Sierra
NM547P_0.000_13.171,Cibola
NM549M_0.000_4.204,Luna
NM549P_0.000_25.160,Luna
NM549P_25.160_31.372,Doña Ana
NM551P_0.000_6.430,Union
NM552P_0.000_1.673,Quay
NM554P_0.000_21.054,Rio Arriba
NM555P_0.000_31.819,Colfax
NM556M_0.000_0.095,Bernalillo
NM556M_0.361_0.546,Bernalillo
NM556M_1.446_3.248,Bernalillo
NM556M_6.893_15.438,Bernalillo
NM556P_0.000_15.396,Bernalillo
NM55P_0.000_10.669,Lincoln
NM55P_10.669_30.884,Socorro
NM55P_30.884_97.051,Torrance
NM562P_0.000_19.538,Union
NM563P_0.000_1.126,Taos
NM564M_0.000_0.173,McKinley
NM564P_0.000_3.287,McKinley
NM566P_0.000_11.623,McKinley
NM567P_0.000_11.659,Taos
NM568P_0.000_1.238,Cibola
NM569P_0.000_10.242,Colfax
NM569P_10.242_14.838,Mora
NM570P_0.000_6.124,Taos
NM571P_0.000_1.911,Rio Arriba
NM572P_0.000_0.775,Rio Arriba
NM573P_0.000_2.307,Rio Arriba
NM574P_0.000_14.044,San Juan
NM575P_0.000_7.882,San Juan
NM576P_0.000_1.140,Rio Arriba
NM578P_0.000_6.434,Taos
NM57P_0.000_21.788,San Juan
NM580P_0.000_2.058,Rio Arriba
NM581P_0.000_0.644,Rio Arriba
NM583P_0.000_0.887,Santa Fe
NM583P_0.887_1.969,Rio Arriba
NM584P_0.000_1.279,Rio Arriba
NM585P_0.000_2.191,Taos
NM58P_0.000_19.045,Colfax
NM592P_0.000_5.206,Santa Fe
NM595P_0.000_25.277,Rio Arriba
NM597P_0.000_0.410,San Juan
NM599M_0.000_13.772,Santa Fe
NM599P_0.000_13.772,Santa Fe
NM59P_0.000_3.221,Sierra
NM59P_3.221_8.036,Catron
NM59P_8.036_22.614,Sierra
NM59P_22.614_31.047,Catron
NM601P_0.000_27.033,Catron
NM602M_29.014_29.559,McKinley
NM602M_30.091_30.716,McKinley
NM602P_0.000_30.716,McKinley
NM603P_0.000_22.845,Catron
NM605P_0.000_9.343,Cibola
NM605P_9.343_16.411,McKinley
NM605P_16.411_22.255,Cibola
NM606P_0.000_1.252,Cibola
NM608M_0.069_1.984,McKinley
NM608P_0.000_1.984,McKinley
NM609M_0.000_2.308,McKinley
NM609P_0.000_2.308,McKinley
NM610P_0.000_2.017,McKinley
NM612P_0.000_9.033,McKinley
NM615M_0.000_0.475,Cibola
NM615P_0.000_0.475,Cibola
NM61P_0.000_6.854,Grant
NM61P_6.854_9.070,Luna
NM61P_9.070_24.999,Grant
NM63P_0.000_24.756,San Miguel
NM6563P_0.000_15.044,Otero
NM65P_0.000_15.671,San Miguel
NM68M_0.000_0.053,Rio Arriba
NM68M_0.053_0.061,Santa Fe
NM68M_0.061_0.662,Rio Arriba
NM68M_0.662_1.053,Santa Fe
NM68M_1.053_14.806,Rio Arriba
NM68M_41.876_41.884,Taos
NM68P_0.000_0.646,Rio Arriba
NM68P_0.646_1.041,Santa Fe
NM68P_1.041_24.236,Rio Arriba
NM68P_24.236_45.458,Taos
NM6M_31.684_33.493,Valencia
NM6M_34.325_34.472,Valencia
NM6M_35.266_35.614,Valencia
NM6M_36.351_36.451,Valencia
NM6P_0.000_1.913,Cibola
NM6P_1.913_36.459,Valencia
NM72P_0.000_30.016,Colfax
NM72P_30.016_35.736,Union
NM73P_0.000_2.637,Taos
NM74P_0.000_4.392,Rio Arriba
NM75P_0.000_5.149,Rio Arriba
NM75P_5.149_20.518,Taos
NM76P_0.000_5.381,Santa Fe
NM76P_5.381_23.811,Rio Arriba
NM76P_23.811_29.647,Taos
NM77P_0.000_12.555,Curry
NM78P_0.000_15.233,Grant
NM7P_0.000_7.298,Eddy
NM80P_0.000_32.340,Hidalgo
NM81P_0.000_40.910,Hidalgo
NM81P_40.910_45.033,Grant
NM83P_0.000_12.921,Lea
NM88P_0.000_21.528,Roosevelt
NM89P_0.000_3.189,Quay
NM89P_3.189_13.885,Roosevelt
NM89P_13.885_19.832,Curry
NM8P_0.000_15.705,Lea
NM90M_31.215_41.792,Grant
NM90P_0.000_13.060,Hidalgo
NM90P_13.060_42.601,Grant
NM91P_0.000_12.597,Guadalupe
NM92P_0.000_10.687,Hidalgo
NM93P_0.000_16.334,Quay
NM94P_0.000_9.516,San Miguel
NM94P_9.516_18.414,Mora
NM95P_0.000_14.037,Rio Arriba
NM96P_0.000_11.366,Sandoval
NM96P_11.366_48.959,Rio Arriba
NM97P_0.000_9.544,Mora
NM9P_0.000_30.706,Hidalgo
NM9P_30.706_50.676,Grant
NM9P_50.676_109.274,Luna
US160M_0.000_0.870,San Juan
US160P_0.000_0.872,San Juan
US180M_110.281_141.236,Grant
US180M_141.236_163.682,Luna
US180P_0.000_60.168,Catron
US180P_60.168_141.234,Grant
US180P_141.234_163.675,Luna
US285M_0.000_31.310,Eddy
US285M_33.262_78.455,Eddy
US285M_78.455_112.772,Chaves
US285M_120.172_159.632,Chaves
US285M_159.632_166.877,De Baca
US285M_166.877_167.898,Chaves
US285M_167.898_178.389,De Baca
US285M_178.389_188.512,Lincoln
US285M_188.512_209.516,Guadalupe
US285M_227.608_256.847,Torrance
US285M_256.847_261.214,San Miguel
US285M_261.214_295.796,Santa Fe
US285M_340.517_356.249,Rio Arriba
US285M_356.249_385.227,Taos
US285M_385.227_386.313,Rio Arriba
US285M_386.313_389.846,Taos
US285M_389.846_399.475,Rio Arriba
US285M_399.475_412.511,Taos
US285P_0.000_31.310,Eddy
US285P_33.262_78.445,Eddy
US285P_78.445_112.772,Chaves
US285P_120.172_159.620,Chaves
US285P_159.620_166.899,De Baca
US285P_166.899_167.891,Chaves
US285P_167.891_178.420,De Baca
US285P_178.420_188.504,Lincoln
US285P_188.504_209.516,Guadalupe
US285P_227.608_256.842,Torrance
US285P_256.842_261.210,San Miguel
US285P_261.210_295.797,Santa Fe
US285P_340.517_356.249,Rio Arriba
US285P_356.249_385.227,Taos
US285P_385.227_386.313,Rio Arriba
US285P_386.313_389.843,Taos
US285P_389.843_399.474,Rio Arriba
US285P_399.474_412.511,Taos
US380M_151.097_153.684,Chaves
US380M_225.806_228.531,Lea
US380P_0.000_51.696,Socorro
US380P_51.696_107.533,Lincoln
US380P_151.097_201.460,Chaves
US380P_201.460_241.926,Lea
US491M_0.000_36.994,McKinley
US491M_36.994_91.321,San Juan
US491M_92.188_107.466,San Juan
US491P_0.000_37.040,McKinley
US491P_37.040_91.319,San Juan
US491P_92.177_107.464,San Juan
US54M_0.000_101.732,Otero
US54M_101.732_171.499,Lincoln
US54M_171.499_196.505,Torrance
US54M_196.505_243.261,Guadalupe
US54M_302.964_356.007,Quay
US54P_0.000_101.667,Otero
US54P_101.667_171.387,Lincoln
US54P_171.387_196.377,Torrance
US54P_196.377_243.101,Guadalupe
US54P_302.964_356.007,Quay
US550M_0.000_98.716,Sandoval
US550M_98.716_107.602,Rio Arriba
US550M_107.602_151.687,San Juan
US550M_152.001_174.862,San Juan
US550P_0.000_98.707,Sandoval
US550P_98.707_107.610,Rio Arriba
US550P_107.610_151.687,San Juan
US550P_152.001_174.862,San Juan
US56M_0.000_33.653,Colfax
US56M_33.653_94.025,Union
US56P_0.000_33.677,Colfax
US56P_33.677_94.063,Union
US60M_0.000_84.756,Catron
US60M_84.756_139.065,Socorro
US60M_252.993_263.528,Torrance
US60M_263.528_267.164,Guadalupe
US60M_326.193_345.178,De Baca
US60M_345.178_357.462,Roosevelt
US60M_357.462_397.526,Curry
US60P_0.000_84.763,Catron
US60P_84.763_139.065,Socorro
US60P_165.493_191.991,Socorro
US60P_191.991_263.538,Torrance
US60P_263.538_267.164,Guadalupe
US60P_271.779_288.856,Guadalupe
US60P_288.856_345.203,De Baca
US60P_345.203_357.492,Roosevelt
US60P_357.492_397.526,Curry
US62M_0.000_62.510,Eddy
US62M_62.510_109.710,Lea
US62P_0.000_62.498,Eddy
US62P_62.498_109.710,Lea
US64M_21.971_64.397,San Juan
US64M_348.008_375.195,Colfax
US64M_375.195_429.691,Union
US64P_0.000_86.339,San Juan
US64P_86.339_221.383,Rio Arriba
US64P_221.383_271.785,Taos
US64P_271.785_343.363,Colfax
US64P_348.006_375.202,Colfax
US64P_375.202_429.685,Union
US70M_141.581_178.054,Doña Ana
US70M_178.054_213.309,Otero
US70M_228.518_259.789,Otero
US70M_259.789_311.122,Lincoln
US70M_311.122_383.589,Chaves
US70M_383.589_433.261,Roosevelt
US70M_433.261_439.856,Curry
US70M_448.584_448.627,Curry
US70P_0.000_29.330,Hidalgo
US70P_141.581_178.050,Doña Ana
US70P_178.050_213.309,Otero
US70P_228.518_259.767,Otero
US70P_259.767_311.096,Lincoln
US70P_311.096_383.612,Chaves
US70P_383.612_433.267,Roosevelt
US70P_433.267_439.856,Curry
US70P_448.584_448.627,Curry
US82M_0.000_0.184,Otero
US82M_106.438_106.864,Eddy
US82M_172.126_174.915,Lea
US82P_0.000_43.600,Otero
US82P_43.600_79.575,Chaves
US82P_79.575_142.321,Eddy
US82P_142.321_191.161,Lea
US84M_0.000_18.610,De Baca
US84M_18.610_41.765,Guadalupe
US84M_62.409_80.130,Guadalupe
US84M_80.130_104.036,San Miguel
US84M_161.344_188.642,Santa Fe
US84M_188.642_255.720,Rio Arriba
US84M_282.109_288.337,Rio Arriba
US84P_0.000_18.590,De Baca
US84P_18.590_41.765,Guadalupe
US84P_62.409_80.126,Guadalupe
US84P_80.126_104.036,San Miguel
US84P_161.344_188.605,Santa Fe
US84P_188.605_255.720,Rio Arriba
US84P_282.109_288.337,Rio Arriba
US87M_0.000_9.474,Union
US87P_0.000_9.474,Union
